timestamp,open,low,high,close,volume
2012-10-08,470,460,470,470,0
2012-10-09,470,460,470,470,0
2012-10-10,470,460,470,470,0
2012-10-11,470,460,470,470,0
2012-10-12,470,460,470,470,4935500
2012-10-15,470,460,470,470,5417500
2012-10-16,470,465,470,470,5220000
2012-10-17,465,460,465,465,4374000
2012-10-18,465,460,465,465,855500
2012-10-19,465,460,465,465,1981500
2012-10-22,465,460,465,465,3275500
2012-10-23,465,455,465,465,3405000
2012-10-24,465,460,465,465,233500
2012-10-25,465,455,465,465,400500
2012-10-26,465,455,465,465,0
2012-10-29,465,460,465,465,1359000
2012-10-30,465,460,465,465,270000
2012-10-31,465,460,465,465,1892000
2012-11-01,465,455,465,465,2375000
2012-11-02,465,460,465,465,3049000
2012-11-05,465,460,465,465,192500
2012-11-06,465,460,465,465,476000
2012-11-07,465,460,465,465,20738500
2012-11-08,465,460,465,465,272500
2012-11-09,465,460,465,465,37500
2012-11-12,465,460,480,465,7924000
2012-11-13,470,460,470,470,470000
2012-11-14,470,465,470,470,662000
2012-11-15,470,465,470,470,0
2012-11-16,470,465,470,470,0
2012-11-19,470,460,470,470,384500
2012-11-20,455,455,465,455,435000
2012-11-21,465,460,465,465,1164000
2012-11-22,465,460,465,465,265500
2012-11-23,465,460,465,465,332500
2012-11-26,465,460,465,465,118000
2012-11-27,465,460,465,465,534000
2012-11-28,460,460,465,460,119000
2012-11-29,465,460,465,465,393000
2012-11-30,465,460,465,465,950000
2012-12-03,465,460,465,465,163000
2012-12-04,465,460,465,465,399500
2012-12-05,465,460,465,465,274500
2012-12-06,465,455,465,465,18500
2012-12-07,460,460,460,460,51000
2012-12-10,465,460,465,465,633500
2012-12-11,465,460,465,465,3000
2012-12-12,465,460,465,465,520000
2012-12-13,460,460,460,460,860000
2012-12-14,460,460,460,460,0
2012-12-17,460,460,460,460,860000
2012-12-18,460,450,460,460,671500
2012-12-19,460,450,460,460,21500
2012-12-20,460,460,460,460,21500
2012-12-21,445,445,450,445,84500
2012-12-24,445,445,450,445,0
2012-12-25,445,445,450,445,0
2012-12-26,460,450,465,460,3
2012-12-27,460,460,460,460,1000
2012-12-28,470,460,470,470,1034000
2012-12-31,470,460,470,470,0
2013-01-01,470,460,470,470,0
2013-01-02,465,455,465,465,2500
2013-01-03,465,460,465,465,2000
2013-01-04,460,460,460,460,995000
2013-01-07,455,440,455,455,73500
2013-01-08,460,455,460,460,92500
2013-01-09,460,460,460,460,703500
2013-01-10,450,450,460,450,3000
2013-01-11,460,460,460,460,501000
2013-01-14,460,460,465,460,375000
2013-01-15,460,460,460,460,151500
2013-01-16,455,455,460,455,518000
2013-01-17,460,460,460,460,735500
2013-01-18,465,460,465,465,130500
2013-01-21,465,465,465,465,2000
2013-01-22,465,465,465,465,0
2013-01-23,460,460,465,460,11000
2013-01-24,460,460,465,460,0
2013-01-25,460,460,460,460,125500
2013-01-28,460,460,460,460,125500
2013-01-29,460,460,460,460,333000
2013-01-30,460,460,460,460,125500
2013-01-31,460,460,460,460,100000
2013-02-01,460,460,460,460,75000
2013-02-04,460,460,460,460,75000
2013-02-05,460,460,460,460,5000
2013-02-06,460,460,460,460,75000
2013-02-07,455,455,455,455,109000
2013-02-08,455,455,460,455,25500
2013-02-11,455,450,455,455,101000
2013-02-12,460,450,460,460,150000
2013-02-13,460,455,460,460,51000
2013-02-14,460,460,460,460,51000
2013-02-15,455,455,460,455,37500
2013-02-18,460,450,460,460,251000
2013-02-19,455,450,455,455,1034000
2013-02-20,460,450,460,460,1580500
2013-02-21,455,450,455,455,1108000
2013-02-22,460,450,460,460,348000
2013-02-25,455,450,455,455,1612500
2013-02-26,455,450,460,455,1121500
2013-02-27,455,455,455,455,2214500
2013-02-28,455,450,455,455,2062000
2013-03-01,455,455,455,455,1492500
2013-03-04,460,450,460,460,241500
2013-03-05,455,455,460,455,84000
2013-03-06,460,455,460,460,3500
2013-03-07,460,450,460,460,1000
2013-03-08,460,455,460,460,17500
2013-03-11,460,455,460,460,659000
2013-03-12,460,455,460,460,0
2013-03-13,460,450,460,460,25500
2013-03-14,460,455,460,460,2000
2013-03-15,460,455,460,460,258500
2013-03-18,455,450,455,455,307000
2013-03-19,460,455,460,460,105500
2013-03-20,460,455,460,460,2000000
2013-03-21,455,455,455,455,108000
2013-03-22,460,460,460,460,500
2013-03-25,460,455,460,460,37500
2013-03-26,460,455,460,460,502500
2013-03-27,455,450,455,455,12000
2013-03-28,460,455,460,460,390500
2013-03-29,460,455,460,460,0
2013-04-01,460,450,460,460,23000
2013-04-02,460,460,460,460,23000
2013-04-03,460,460,460,460,23000
2013-04-04,460,460,460,460,23000
2013-04-05,460,450,460,460,25500
2013-04-08,460,460,460,460,25500
2013-04-09,450,450,455,450,10500
2013-04-10,450,450,450,450,8000
2013-04-11,460,455,460,460,205000
2013-04-12,460,450,460,460,20500
2013-04-15,460,455,460,460,16500
2013-04-16,460,455,460,460,3500
2013-04-17,455,450,455,455,284000
2013-04-18,460,460,460,460,500
2013-04-19,450,450,450,450,500
2013-04-22,455,455,455,455,3
2013-04-23,445,440,460,440,3
2013-04-24,440,440,445,445,11000
2013-04-25,440,440,440,440,1000
2013-04-26,440,430,440,440,51000
2013-04-29,440,440,440,440,51000
2013-04-30,440,440,440,440,51000
2013-05-01,400,400,440,440,3
2013-05-02,440,435,440,440,58500
2013-05-03,435,430,445,445,10500
2013-05-06,445,445,445,445,10500
2013-05-07,430,430,440,440,28500
2013-05-08,440,440,440,440,1000
2013-05-09,440,440,440,440,0
2013-05-10,440,440,440,440,1000
2013-05-13,440,440,440,440,1000
2013-05-14,440,440,440,440,500
2013-05-15,435,435,440,440,225000
2013-05-16,440,440,450,450,26000
2013-05-17,450,450,450,450,26000
2013-05-20,450,450,450,450,26000
2013-05-21,450,450,450,450,26000
2013-05-22,415,415,440,440,3
2013-05-23,425,425,440,440,3000
2013-05-24,440,440,450,450,9000
2013-05-27,440,400,440,435,10000
2013-05-28,440,440,440,440,500
2013-05-29,440,440,440,440,500
2013-05-30,440,440,440,440,500
2013-05-31,410,400,420,420,10500
2013-06-03,420,420,445,440,5500
2013-06-04,440,440,440,440,5500
2013-06-05,440,440,440,440,5500
2013-06-06,440,440,440,440,0
2013-06-07,410,400,430,430,8000
2013-06-10,410,410,435,435,3
2013-06-11,445,445,445,445,500
2013-06-12,445,445,445,445,500
2013-06-13,440,420,440,435,4000
2013-06-14,435,435,435,435,4000
2013-06-17,435,435,435,435,4000
2013-06-18,435,435,435,435,4000
2013-06-19,435,435,435,435,4000
2013-06-20,435,435,435,435,4000
2013-06-21,360,360,410,410,3
2013-06-24,410,410,410,410,10500
2013-06-25,410,410,410,410,10500
2013-06-26,405,405,405,405,2000
2013-06-27,380,380,410,410,3
2013-06-28,410,410,445,445,3
2013-07-01,445,445,445,445,1000
2013-07-02,445,445,445,445,1000
2013-07-03,445,445,445,445,1000
2013-07-04,445,445,445,445,1000
2013-07-05,410,410,445,445,1000
2013-07-08,445,445,445,445,1000
2013-07-09,445,445,445,445,1000
2013-07-10,445,445,445,445,1000
2013-07-11,450,410,450,450,3500
2013-07-12,395,390,430,430,1500
2013-07-15,430,430,430,430,1500
2013-07-16,435,380,435,430,2000
2013-07-17,435,435,435,435,500
2013-07-18,435,435,435,435,1000
2013-07-19,435,435,435,435,1000
2013-07-22,435,435,435,435,1000
2013-07-23,435,435,435,435,1000
2013-07-24,435,435,435,435,1000
2013-07-25,400,400,415,415,6000
2013-07-26,435,435,435,435,500
2013-07-29,435,435,435,435,500
2013-07-30,435,435,435,435,500
2013-07-31,435,435,435,435,500
2013-08-01,435,435,435,435,500
2013-08-02,435,435,435,435,500
2013-08-05,435,435,435,435,0
2013-08-06,435,435,435,435,0
2013-08-07,435,435,435,435,0
2013-08-08,435,435,435,435,0
2013-08-09,435,435,435,435,0
2013-08-12,360,360,420,420,3000
2013-08-13,420,420,420,420,3000
2013-08-14,390,390,395,395,3000
2013-08-15,395,395,395,395,3000
2013-08-16,425,425,425,425,500
2013-08-19,425,425,425,425,500
2013-08-20,400,400,420,420,1500
2013-08-21,420,420,420,420,1500
2013-08-22,420,420,420,420,1500
2013-08-23,420,420,420,420,1500
2013-08-26,400,340,400,400,35500
2013-08-27,395,365,400,395,3500
2013-08-28,400,400,415,415,1000
2013-08-29,400,395,400,395,2000
2013-08-30,410,410,410,410,500
2013-09-02,400,400,400,400,5500
2013-09-03,410,400,410,410,1500
2013-09-04,410,410,410,410,1500
2013-09-05,410,410,410,410,0
2013-09-06,410,410,410,410,1500
2013-09-09,410,410,410,410,1500
2013-09-10,415,415,415,415,500
2013-09-11,415,415,415,415,500
2013-09-12,400,400,415,415,7000
2013-09-13,400,400,425,420,21000
2013-09-16,425,350,425,400,3000
2013-09-17,425,360,425,395,5000
2013-09-18,405,395,405,395,3000
2013-09-19,435,405,435,425,11000
2013-09-20,365,360,395,385,9000
2013-09-23,400,400,425,400,11500
2013-09-24,425,425,425,425,2000
2013-09-25,430,430,430,430,500
2013-09-26,365,365,390,380,7500
2013-09-27,395,395,400,400,2500
2013-09-30,425,425,425,425,500
2013-10-01,425,425,425,425,500
2013-10-02,370,370,425,425,3500
2013-10-03,425,425,425,425,3500
2013-10-04,375,370,405,405,14500
2013-10-07,375,370,390,390,250500
2013-10-08,400,395,400,400,250500
2013-10-09,395,390,400,400,129500
2013-10-10,395,395,400,400,2000
2013-10-11,400,400,400,400,2000
2013-10-14,400,400,400,400,0
2013-10-15,400,400,400,400,0
2013-10-16,395,395,395,395,1000
2013-10-17,385,385,395,395,2000
2013-10-18,395,395,395,395,2000
2013-10-21,390,390,400,400,981000
2013-10-22,400,400,400,400,981000
2013-10-23,400,400,400,400,981000
2013-10-24,400,400,400,400,981000
2013-10-25,400,400,400,400,981000
2013-10-28,400,400,400,400,981000
2013-10-29,400,400,400,400,981000
2013-10-30,400,400,400,400,981000
2013-10-31,400,400,400,400,981000
2013-11-01,400,400,400,400,981000
2013-11-04,400,400,400,400,981000
2013-11-05,400,400,400,400,0
2013-11-06,385,385,385,385,5000
2013-11-07,385,385,395,395,1259000
2013-11-08,395,395,395,395,1259000
2013-11-11,400,395,400,395,25500
2013-11-12,395,395,395,395,500
2013-11-13,395,395,395,395,500
2013-11-14,395,395,395,395,500
2013-11-15,395,395,395,395,500
2013-11-18,370,370,395,395,30000
2013-11-19,370,365,395,395,27000
2013-11-20,375,375,390,390,29000
2013-11-21,365,360,375,375,266500
2013-11-22,390,370,400,400,841000
2013-11-25,400,400,400,400,841000
2013-11-26,370,370,395,395,419500
2013-11-27,375,375,400,400,378500
2013-11-28,375,375,385,385,23000
2013-11-29,385,370,385,385,1500
2013-12-02,385,385,385,385,50000
2013-12-03,385,385,385,385,50000
2013-12-04,385,385,385,385,50000
2013-12-05,385,385,385,385,50000
2013-12-06,380,380,385,385,15000
2013-12-09,385,375,385,385,10500
2013-12-10,385,375,385,375,17500
2013-12-11,385,385,385,385,1000
2013-12-12,375,375,375,375,7500
2013-12-13,365,365,370,370,1000
2013-12-16,380,370,380,370,1500
2013-12-17,380,380,380,380,500
2013-12-18,380,380,380,380,1000
2013-12-19,380,380,380,380,10000
2013-12-20,380,330,380,365,12000
2013-12-23,380,365,380,370,3500
2013-12-24,380,370,380,370,3500
2013-12-25,380,370,380,370,0
2013-12-26,380,370,380,370,0
2013-12-27,370,370,370,370,1000
2013-12-30,380,360,380,360,3000
2013-12-31,380,360,380,360,0
2014-01-01,380,360,380,360,0
2014-01-02,390,390,400,390,17000
2014-01-03,390,390,390,390,500
2014-01-06,390,390,390,390,500
2014-01-07,390,390,390,390,500
2014-01-08,390,390,390,390,500
2014-01-09,390,390,390,390,500
2014-01-10,390,390,390,390,500
2014-01-13,394,394,394,394,100
2014-01-14,394,394,394,394,0
2014-01-15,320,310,393,393,17200
2014-01-16,395,390,395,390,200
2014-01-17,395,390,395,395,1100
2014-01-20,395,395,395,395,0
2014-01-21,380,375,380,375,600
2014-01-22,375,375,375,375,500
2014-01-23,365,365,375,375,3600
2014-01-24,369,360,369,369,6500
2014-01-27,310,310,374,374,600
2014-01-28,360,355,375,375,5700
2014-01-29,375,375,375,375,0
2014-01-30,360,340,375,375,49500
2014-01-31,360,340,375,375,0
2014-02-03,375,375,375,375,0
2014-02-04,339,327,350,339,30800
2014-02-05,345,334,350,349,11400
2014-02-06,340,339,375,366,122900
2014-02-07,366,366,375,370,17400
2014-02-10,370,370,375,375,56400
2014-02-11,380,380,400,400,787200
2014-02-12,380,380,395,390,60000
2014-02-13,400,395,400,395,200
2014-02-14,399,350,400,350,25200
2014-02-17,380,360,380,360,10100
2014-02-18,355,345,370,359,138700
2014-02-19,358,350,358,350,4400
2014-02-20,368,345,368,345,58200
2014-02-21,364,350,364,360,69300
2014-02-24,379,355,379,365,70100
2014-02-25,380,370,385,385,30400
2014-02-26,380,380,380,380,20000
2014-02-27,400,370,400,384,23200
2014-02-28,384,350,384,350,22100
2014-03-03,350,350,385,365,7500
2014-03-04,380,373,380,373,300
2014-03-05,376,372,376,375,2800
2014-03-06,389,372,389,372,300
2014-03-07,384,376,384,384,9400
2014-03-10,384,384,384,384,0
2014-03-11,384,384,384,384,0
2014-03-12,384,384,384,384,0
2014-03-13,400,386,400,386,300
2014-03-14,390,390,405,400,1382900
2014-03-17,370,370,400,400,300
2014-03-18,370,370,400,400,300
2014-03-19,400,395,400,395,1100
2014-03-20,395,395,395,395,0
2014-03-21,397,397,400,400,171600
2014-03-24,400,400,400,400,0
2014-03-25,420,400,450,420,10900
2014-03-26,410,410,445,445,1100
2014-03-27,450,450,495,490,254700
2014-03-28,455,445,455,450,1500
2014-03-31,455,445,455,450,0
2014-04-01,450,450,450,450,100000
2014-04-02,390,380,449,381,462500
2014-04-03,381,381,390,382,38800
2014-04-04,382,382,382,382,100
2014-04-07,390,390,440,440,590000
2014-04-08,435,430,435,430,21000
2014-04-09,430,430,430,430,0
2014-04-10,430,381,430,381,59000
2014-04-11,381,381,381,381,0
2014-04-14,401,395,401,401,97600
2014-04-15,440,436,440,436,400
2014-04-16,425,425,425,425,2100
2014-04-17,440,440,440,440,100
2014-04-18,440,440,440,440,0
2014-04-21,440,440,440,440,0
2014-04-22,425,425,425,425,100
2014-04-23,445,400,445,428,107000
2014-04-24,434,400,434,400,101700
2014-04-25,440,425,450,440,202300
2014-04-28,430,390,430,390,93200
2014-04-29,390,390,403,390,9100
2014-04-30,376,376,400,400,10500
2014-05-01,376,376,400,400,0
2014-05-02,400,400,400,400,200
2014-05-05,402,402,475,455,511000
2014-05-06,435,430,456,451,299100
2014-05-07,450,450,473,470,851900
2014-05-08,460,455,480,478,1133000
2014-05-09,478,478,482,482,700000
2014-05-12,482,480,482,480,571000
2014-05-13,450,450,480,479,179300
2014-05-14,475,469,490,490,1245600
2014-05-15,475,469,490,490,0
2014-05-16,495,490,499,495,2040200
2014-05-19,495,480,495,495,6028700
2014-05-20,490,490,492,490,701200
2014-05-21,490,481,490,490,943400
2014-05-22,490,477,490,490,1033500
2014-05-23,490,490,490,490,12500
2014-05-26,490,490,490,490,501900
2014-05-27,490,490,490,490,0
2014-05-28,490,490,490,490,598100
2014-05-29,490,490,490,490,0
2014-05-30,490,480,490,490,1010500
2014-06-02,490,490,490,490,41500
2014-06-03,490,487,505,490,399900
2014-06-04,490,479,500,490,238300
2014-06-05,497,480,497,490,131600
2014-06-06,489,489,490,489,440600
2014-06-09,485,485,485,485,30500
2014-06-10,495,490,495,495,31400
2014-06-11,490,487,490,490,851000
2014-06-12,489,489,490,489,24300
2014-06-13,490,480,490,490,3600
2014-06-16,490,490,490,490,63200
2014-06-17,485,485,490,485,31100
2014-06-18,490,490,490,490,52400
2014-06-19,490,490,494,490,15800
2014-06-20,486,486,486,486,8000
2014-06-23,499,494,499,499,2500
2014-06-24,499,499,499,499,0
2014-06-25,499,499,499,499,0
2014-06-26,491,490,495,491,234900
2014-06-27,490,490,490,490,392500
2014-06-30,490,490,495,490,55100
2014-07-01,490,490,490,490,12500
2014-07-02,490,490,490,490,713000
2014-07-03,490,489,490,490,75100
2014-07-04,500,491,500,500,127600
2014-07-07,495,495,496,495,600000
2014-07-08,490,490,495,490,675800
2014-07-09,490,490,490,490,0
2014-07-10,490,450,490,490,153700
2014-07-11,490,490,495,490,24200
2014-07-14,490,490,490,490,0
2014-07-15,475,475,475,475,1000
2014-07-16,505,492,505,505,219400
2014-07-17,505,505,505,505,0
2014-07-18,500,500,500,500,673800
2014-07-21,500,500,500,500,200
2014-07-22,460,460,460,460,4400
2014-07-23,510,490,510,510,2518200
2014-07-24,500,500,510,500,305600
2014-07-25,500,500,500,500,133000
2014-07-28,500,500,500,500,0
2014-07-29,500,500,500,500,0
2014-07-30,500,500,500,500,0
2014-07-31,500,500,500,500,0
2014-08-01,500,500,500,500,0
2014-08-04,500,500,500,500,0
2014-08-05,480,480,500,480,653600
2014-08-06,510,490,510,510,24800
2014-08-07,510,500,510,510,10200
2014-08-08,500,490,500,500,7100
2014-08-11,500,500,500,500,129900
2014-08-12,505,500,505,505,830000
2014-08-13,480,480,500,480,108900
2014-08-14,495,495,495,495,8500
2014-08-15,500,500,500,500,30000
2014-08-18,500,500,500,500,0
2014-08-19,500,500,500,500,100000
2014-08-20,500,500,500,500,548000
2014-08-21,484,484,485,484,400000
2014-08-22,490,490,490,490,800
2014-08-25,490,490,490,490,0
2014-08-26,490,490,490,490,0
2014-08-27,490,490,490,490,0
2014-08-28,500,490,500,500,100100
2014-08-29,500,490,500,500,200000
2014-09-01,500,500,500,500,0
2014-09-02,500,500,500,500,30000
2014-09-03,505,505,505,505,1100
2014-09-04,500,500,500,500,130000
2014-09-05,505,500,505,505,226000
2014-09-08,505,505,505,505,61000
2014-09-09,500,500,505,500,355600
2014-09-10,500,500,500,500,109800
2014-09-11,500,500,500,500,0
2014-09-12,500,500,500,500,32500
2014-09-15,505,505,505,505,320200
2014-09-16,505,500,505,505,299000
2014-09-17,515,515,515,515,1000
2014-09-18,490,490,510,490,400000
2014-09-19,500,495,520,500,308100
2014-09-22,500,500,510,500,357000
2014-09-23,490,490,500,490,216500
2014-09-24,500,500,500,500,69400
2014-09-25,500,500,500,500,0
2014-09-26,505,505,505,505,15000
2014-09-29,505,505,505,505,0
2014-09-30,505,505,505,505,15000
2014-10-01,505,505,505,505,0
2014-10-02,500,500,500,500,100000
2014-10-03,500,500,500,500,0
2014-10-06,500,500,500,500,0
2014-10-07,500,500,500,500,100
2014-10-08,500,500,500,500,0
2014-10-09,500,500,500,500,0
2014-10-10,451,400,451,451,200
2014-10-13,470,470,470,470,1000
2014-10-14,500,470,500,500,1300
2014-10-15,500,500,500,500,0
2014-10-16,500,500,500,500,0
2014-10-17,500,500,500,500,0
2014-10-20,500,500,500,500,0
2014-10-21,500,500,500,500,0
2014-10-22,500,500,500,500,0
2014-10-23,500,500,500,500,100
2014-10-24,500,500,500,500,0
2014-10-27,500,500,500,500,0
2014-10-28,500,500,500,500,0
2014-10-29,505,500,505,505,21500
2014-10-30,500,500,500,500,10000
2014-10-31,490,490,500,490,89000
2014-11-03,490,490,490,490,0
2014-11-04,490,490,490,490,0
2014-11-05,500,500,500,500,1000
2014-11-06,500,500,500,500,0
2014-11-07,500,500,500,500,0
2014-11-10,500,500,500,500,0
2014-11-11,500,500,500,500,0
2014-11-12,500,500,500,500,0
2014-11-13,490,490,490,490,500
2014-11-14,490,490,490,490,0
2014-11-17,490,485,485,485,500
2014-11-18,485,485,485,485,0
2014-11-19,485,485,485,485,0
2014-11-20,485,485,485,485,0
2014-11-21,485,485,485,485,0
2014-11-24,485,485,485,485,0
2014-11-25,495,495,495,495,1000
2014-11-26,495,495,495,495,0
2014-11-27,495,495,495,495,0
2014-11-28,495,495,495,495,0
2014-12-01,495,495,495,495,0
2014-12-02,495,495,495,495,0
2014-12-03,500,500,500,500,500
2014-12-04,500,500,500,500,100
2014-12-05,499,499,499,499,100
2014-12-08,498,498,498,498,100
2014-12-09,498,498,498,498,0
2014-12-10,498,498,498,498,0
2014-12-11,498,498,498,498,0
2014-12-12,498,498,498,498,0
2014-12-15,498,498,498,498,0
2014-12-16,498,498,498,498,0
2014-12-17,498,498,498,498,0
2014-12-18,498,498,498,498,0
2014-12-19,498,498,498,498,0
2014-12-22,500,500,500,500,300
2014-12-23,490,480,490,480,600
2014-12-24,480,480,480,480,0
2014-12-25,480,480,480,480,0
2014-12-26,480,480,480,480,0
2014-12-29,480,480,480,480,0
2014-12-30,480,480,480,480,0
2014-12-31,480,480,480,480,0
2015-01-01,480,480,480,480,0
2015-01-02,480,480,480,480,0
2015-01-05,480,480,480,480,0
2015-01-06,480,480,480,480,0
2015-01-07,480,480,480,480,0
2015-01-08,480,480,480,480,0
2015-01-09,480,480,480,480,0
2015-01-12,480,480,480,480,0
2015-01-13,480,480,480,480,0
2015-01-14,480,480,480,480,0
2015-01-15,480,480,480,480,0
2015-01-16,480,480,480,480,0
2015-01-19,480,480,480,480,0
2015-01-20,480,480,480,480,0
2015-01-21,480,480,480,480,0
2015-01-22,480,480,480,480,0
2015-01-23,480,480,480,480,0
2015-01-26,480,480,480,480,0
2015-01-27,480,480,480,480,0
2015-01-28,480,480,480,480,0
2015-01-29,480,480,480,480,0
2015-01-30,475,475,475,475,1000
2015-02-02,475,475,475,475,0
2015-02-03,475,475,475,475,0
2015-02-04,475,475,475,475,0
2015-02-05,475,475,475,475,0
2015-02-06,485,485,485,485,300
2015-02-09,485,485,485,485,0
2015-02-10,485,485,485,485,0
2015-02-11,485,485,485,485,0
2015-02-12,485,485,485,485,0
2015-02-13,485,485,485,485,0
2015-02-16,485,485,485,485,10000
2015-02-17,485,485,485,485,0
2015-02-18,485,485,485,485,0
2015-02-19,485,485,485,485,0
2015-02-20,485,485,485,485,0
2015-02-23,500,500,500,500,500
2015-02-24,500,490,505,490,1048400
2015-02-25,490,490,500,500,951800
2015-02-26,490,490,490,490,50000
2015-02-27,490,490,490,490,60000
2015-03-02,500,490,500,490,73000
2015-03-03,500,500,500,500,1259700
2015-03-04,500,500,510,510,2648400
2015-03-05,510,505,510,510,15000
2015-03-06,515,515,555,550,626200
2015-03-09,550,550,575,575,85100
2015-03-10,575,560,575,560,520000
2015-03-11,575,575,590,575,114100
2015-03-12,580,580,600,600,264000
2015-03-13,600,600,630,630,1021300
2015-03-16,630,630,650,630,63800
2015-03-17,630,630,675,675,376500
2015-03-18,675,675,675,675,4000
2015-03-19,670,670,670,670,500
2015-03-20,650,650,670,650,148500
2015-03-23,650,650,650,650,637600
2015-03-24,655,655,655,655,200
2015-03-25,655,655,655,655,0
2015-03-26,655,655,655,655,0
2015-03-27,492,492,605,600,267200
2015-03-30,600,600,610,600,1174400
2015-03-31,600,510,610,600,101900
2015-04-01,650,610,650,610,1100
2015-04-02,610,610,610,610,0
2015-04-03,610,610,610,610,0
2015-04-06,650,600,650,600,200
2015-04-07,600,600,625,620,44300
2015-04-08,605,600,605,600,46200
2015-04-09,600,600,605,605,430400
2015-04-10,600,600,600,600,191100
2015-04-13,600,600,605,600,46600
2015-04-14,600,600,600,600,87800
2015-04-15,550,520,595,595,203500
2015-04-16,550,550,580,580,243700
2015-04-17,580,580,605,605,6200
2015-04-20,605,605,605,605,0
2015-04-21,600,600,605,600,120000
2015-04-22,600,600,600,600,608900
2015-04-23,600,600,600,600,0
2015-04-24,600,600,600,600,0
2015-04-27,650,550,650,600,16200
2015-04-28,600,600,600,600,26200
2015-04-29,600,600,600,600,0
2015-04-30,600,600,600,600,0
2015-05-01,600,600,600,600,0
2015-05-04,600,600,600,600,0
2015-05-05,650,650,650,650,100
2015-05-06,650,650,650,650,0
2015-05-07,620,620,620,620,100
2015-05-08,620,510,620,520,500
2015-05-11,525,525,525,525,1500
2015-05-12,550,550,595,585,21000
2015-05-13,585,585,585,585,4300
2015-05-14,585,585,585,585,0
2015-05-15,570,570,585,585,100300
2015-05-18,595,595,600,600,800
2015-05-19,590,590,590,590,27000
2015-05-20,590,575,620,600,154500
2015-05-21,590,560,600,570,670100
2015-05-22,595,595,595,595,40000
2015-05-25,595,595,595,595,100
2015-05-26,595,595,595,595,0
2015-05-27,540,540,540,540,100
2015-05-28,600,600,600,600,100
2015-05-29,600,600,600,600,0
2015-06-01,550,550,595,595,101200
2015-06-02,550,550,595,595,0
2015-06-03,595,595,595,595,0
2015-06-04,600,600,620,620,60000
2015-06-05,620,620,620,620,0
2015-06-08,600,600,600,600,2000
2015-06-09,600,600,625,600,800100
2015-06-10,600,600,600,600,0
2015-06-11,600,600,600,600,0
2015-06-12,600,600,600,600,0
2015-06-15,600,600,600,600,0
2015-06-16,500,500,580,580,100200
2015-06-17,580,580,580,580,0
2015-06-18,580,580,580,580,0
2015-06-19,580,580,580,580,0
2015-06-22,580,580,580,580,0
2015-06-23,595,595,595,595,50000
2015-06-24,600,600,600,600,19000
2015-06-25,600,600,600,600,0
2015-06-26,590,590,595,595,3000
2015-06-29,505,505,505,505,50000
2015-06-30,595,540,595,595,50100
2015-07-01,510,510,595,510,50900
2015-07-02,590,575,630,600,188400
2015-07-03,600,600,600,600,200100
2015-07-06,600,600,625,600,429600
2015-07-07,600,600,650,650,345800
2015-07-08,610,610,625,625,200
2015-07-09,600,600,675,675,930200
2015-07-10,675,675,675,675,775100
2015-07-13,675,675,675,675,0
2015-07-14,600,535,650,565,158600
2015-07-15,615,600,615,600,34300
2015-07-16,615,600,615,600,0
2015-07-17,615,600,615,600,0
2015-07-20,615,600,615,600,0
2015-07-21,615,600,615,600,0
2015-07-22,600,600,600,600,965800
2015-07-23,600,600,660,640,22600
2015-07-24,640,640,640,640,0
2015-07-27,620,610,620,610,1200
2015-07-28,610,610,610,610,0
2015-07-29,650,650,665,665,300
2015-07-30,665,665,665,665,0
2015-07-31,665,665,665,665,0
2015-08-03,665,665,665,665,0
2015-08-04,665,665,665,665,0
2015-08-05,600,600,600,600,5000
2015-08-06,645,645,645,645,100
2015-08-07,620,620,675,675,484800
2015-08-10,600,600,600,600,10000
2015-08-11,600,600,650,650,192100
2015-08-12,640,600,640,600,198800
2015-08-13,600,600,600,600,0
2015-08-14,640,640,650,650,600
2015-08-17,640,640,650,650,0
2015-08-18,600,600,600,600,203000
2015-08-19,600,600,600,600,0
2015-08-20,600,600,600,600,0
2015-08-21,600,600,610,610,5100
2015-08-24,620,620,620,620,100
2015-08-25,620,620,620,620,0
2015-08-26,650,650,650,650,100
2015-08-27,590,590,590,590,2500
2015-08-28,590,590,590,590,0
2015-08-31,540,540,650,550,153100
2015-09-01,520,500,520,500,2000
2015-09-02,585,585,585,585,100
2015-09-03,585,585,600,600,6800
2015-09-04,600,600,600,600,5000
2015-09-07,600,600,600,600,0
2015-09-08,600,600,600,600,10000
2015-09-09,600,600,600,600,0
2015-09-10,600,600,600,600,0
2015-09-11,600,600,600,600,0
2015-09-14,600,600,600,600,0
2015-09-15,590,590,590,590,300
2015-09-16,590,590,590,590,0
2015-09-17,535,535,600,535,81700
2015-09-18,600,590,600,590,200
2015-09-21,675,590,675,590,600
2015-09-22,590,590,590,590,0
2015-09-23,590,590,590,590,0
2015-09-24,590,590,590,590,0
2015-09-25,590,590,590,590,0
2015-09-28,590,590,590,590,0
2015-09-29,590,590,590,590,0
2015-09-30,590,590,590,590,0
2015-10-01,590,590,590,590,0
2015-10-02,590,590,590,590,0
2015-10-05,590,535,590,535,7300
2015-10-06,535,535,535,535,0
2015-10-07,535,535,540,540,27000
2015-10-08,540,540,540,540,0
2015-10-09,540,540,540,540,0
2015-10-12,540,540,540,540,0
2015-10-13,490,490,490,490,1000
2015-10-14,490,490,490,490,0
2015-10-15,490,490,490,490,0
2015-10-16,490,490,510,510,50100
2015-10-19,500,500,540,540,39200
2015-10-20,540,540,550,540,158300
2015-10-21,510,500,510,500,51300
2015-10-22,500,500,530,510,135000
2015-10-23,500,500,505,500,41700
2015-10-26,500,500,510,510,2000
2015-10-27,510,510,510,510,0
2015-10-28,510,510,510,510,0
2015-10-29,510,510,510,510,0
2015-10-30,510,510,510,510,0
2015-11-02,500,500,500,500,75000
2015-11-03,500,500,500,500,0
2015-11-04,500,500,500,500,0
2015-11-05,500,500,500,500,100
2015-11-06,500,500,500,500,0
2015-11-09,500,500,500,500,0
2015-11-10,500,500,500,500,0
2015-11-11,500,500,500,500,0
2015-11-12,500,500,500,500,0
2015-11-13,500,500,500,500,0
2015-11-16,500,500,500,500,0
2015-11-17,500,500,500,500,0
2015-11-18,500,500,500,500,0
2015-11-19,500,500,500,500,0
2015-11-20,500,500,500,500,0
2015-11-23,500,500,500,500,0
2015-11-24,500,500,500,500,0
2015-11-25,500,500,500,500,200
2015-11-26,500,500,500,500,0
2015-11-27,500,500,500,500,0
2015-11-30,500,500,500,500,0
2015-12-01,500,500,500,500,0
2015-12-02,500,500,500,500,0
2015-12-03,500,500,500,500,0
2015-12-04,500,500,500,500,0
2015-12-07,500,475,500,475,30000
2015-12-08,455,455,455,455,100
2015-12-09,455,455,455,455,0
2015-12-10,455,455,455,455,0
2015-12-11,455,455,455,455,0
2015-12-14,435,435,435,435,300
2015-12-15,435,435,435,435,0
2015-12-16,435,435,435,435,0
2015-12-17,435,435,435,435,0
2015-12-18,435,435,435,435,0
2015-12-21,435,435,435,435,0
2015-12-22,435,435,435,435,0
2015-12-23,435,435,435,435,0
2015-12-24,435,435,435,435,0
2015-12-25,435,435,435,435,0
2015-12-28,435,435,435,435,0
2015-12-29,435,435,435,435,0
2015-12-30,425,425,425,425,100
2015-12-31,425,425,425,425,0
2016-01-01,425,425,425,425,0
2016-01-04,425,425,425,425,0
2016-01-05,425,425,425,425,0
2016-01-06,425,425,425,425,100
2016-01-07,425,425,425,425,0
2016-01-08,425,425,425,425,0
2016-01-11,425,425,425,425,0
2016-01-12,425,425,425,425,0
2016-01-13,425,425,425,425,0
2016-01-14,425,425,425,425,0
2016-01-15,425,425,425,425,0
2016-01-18,425,425,425,425,0
2016-01-19,425,425,425,425,0
2016-01-20,425,425,425,425,0
2016-01-21,425,425,425,425,0
2016-01-22,425,425,425,425,0
2016-01-25,425,425,425,425,0
2016-01-26,425,425,425,425,0
2016-01-27,425,425,425,425,0
2016-01-28,425,425,425,425,2000
2016-01-29,425,425,425,425,0
2016-02-01,425,425,425,425,0
2016-02-02,425,425,425,425,0
2016-02-03,425,425,425,425,0
2016-02-04,495,495,495,495,100
2016-02-05,495,495,495,495,0
2016-02-08,495,495,495,495,0
2016-02-09,495,495,495,495,0
2016-02-10,495,495,495,495,0
2016-02-11,495,495,495,495,0
2016-02-12,495,495,495,495,0
2016-02-15,495,495,495,495,0
2016-02-16,495,495,495,495,0
2016-02-17,495,495,495,495,0
2016-02-18,495,495,495,495,0
2016-02-19,495,495,495,495,0
2016-02-22,495,495,495,495,0
2016-02-23,495,495,495,495,0
2016-02-24,495,495,495,495,0
2016-02-25,495,495,495,495,0
2016-02-26,495,495,495,495,0
2016-02-29,495,495,495,495,0
2016-03-01,495,495,495,495,0
2016-03-02,495,495,495,495,0
2016-03-03,495,495,495,495,0
2016-03-04,495,495,495,495,0
2016-03-07,495,495,495,495,0
2016-03-08,495,495,495,495,0
2016-03-09,495,495,495,495,0
2016-03-10,470,470,470,470,100
2016-03-11,470,470,470,470,0
2016-03-14,470,470,470,470,0
2016-03-15,470,470,470,470,0
2016-03-16,470,470,470,470,0
2016-03-17,470,470,470,470,0
2016-03-18,470,470,470,470,0
2016-03-21,470,470,470,470,0
2016-03-22,470,470,470,470,0
2016-03-23,470,470,470,470,0
2016-03-24,470,470,470,470,0
2016-03-25,470,470,470,470,0
2016-03-28,470,470,470,470,0
2016-03-29,470,470,470,470,0
2016-03-30,470,470,470,470,0
2016-03-31,470,470,470,470,0
2016-04-01,470,470,470,470,0
2016-04-04,470,470,470,470,0
2016-04-05,470,470,470,470,0
2016-04-06,470,470,470,470,0
2016-04-07,470,470,470,470,0
2016-04-08,470,470,470,470,0
2016-04-11,470,470,470,470,0
2016-04-12,470,470,470,470,0
2016-04-13,470,470,470,470,0
2016-04-14,470,470,470,470,0
2016-04-15,470,470,470,470,0
2016-04-18,470,470,470,470,0
2016-04-19,470,470,470,470,0
2016-04-20,470,470,470,470,0
2016-04-21,470,470,470,470,0
2016-04-22,470,470,470,470,0
2016-04-25,480,480,480,480,100
2016-04-26,480,480,480,480,0
2016-04-27,480,480,480,480,0
2016-04-28,480,480,480,480,0
2016-04-29,480,480,480,480,0
2016-05-02,480,480,480,480,0
2016-05-03,480,480,480,480,0
2016-05-04,480,480,480,480,0
2016-05-05,480,480,480,480,0
2016-05-06,480,480,480,480,0
2016-05-09,480,480,480,480,0
2016-05-10,480,480,480,480,0
2016-05-11,480,480,480,480,0
2016-05-12,480,480,480,480,0
2016-05-13,480,480,480,480,0
2016-05-16,480,480,480,480,0
2016-05-17,476,476,476,476,300
2016-05-18,476,476,476,476,0
2016-05-19,470,470,470,470,100
2016-05-20,470,470,470,470,1000
2016-05-23,470,456,470,456,900
2016-05-24,458,450,458,454,1600
2016-05-25,434,434,434,434,100
2016-05-26,434,414,434,414,100
2016-05-27,414,414,414,414,100
2016-05-30,414,414,414,414,0
2016-05-31,374,374,374,374,200
2016-06-01,354,354,354,354,2
2016-06-02,354,320,400,400,171300
2016-06-03,380,360,458,456,195600
2016-06-06,456,436,456,454,40100
2016-06-07,454,414,454,450,45500
2016-06-08,450,450,450,450,0
2016-06-09,450,450,450,450,0
2016-06-10,450,450,450,450,0
2016-06-13,450,450,450,450,0
2016-06-14,450,450,450,450,10000
2016-06-15,450,450,450,450,0
2016-06-16,450,410,456,456,25600
2016-06-17,456,436,456,456,1200
2016-06-20,456,456,456,456,20000
2016-06-21,450,436,474,464,572700
2016-06-22,460,450,460,460,250100
2016-06-23,460,460,480,480,84900
2016-06-24,460,460,480,480,1620100
2016-06-27,460,460,480,480,500100
2016-06-28,478,470,478,470,216100
2016-06-29,470,470,470,470,300
2016-06-30,470,470,474,474,202600
2016-07-01,470,470,474,470,649700
2016-07-04,470,470,474,470,0
2016-07-05,470,470,474,470,0
2016-07-06,470,470,474,470,0
2016-07-07,470,470,474,470,0
2016-07-08,470,470,474,470,0
2016-07-11,470,470,474,470,700000
2016-07-12,470,470,470,470,0
2016-07-13,486,480,500,486,526500
2016-07-14,486,484,488,488,466000
2016-07-15,488,488,525,525,2200
2016-07-18,525,525,530,530,2058500
2016-07-19,520,500,520,505,113300
2016-07-20,545,505,545,530,3300
2016-07-21,530,530,530,530,0
2016-07-22,545,505,545,505,200
2016-07-25,505,505,505,505,0
2016-07-26,505,505,540,520,2000
2016-07-27,545,500,545,500,2100
2016-07-28,500,460,500,470,2400
2016-07-29,450,450,515,515,12300
2016-08-01,515,515,520,520,500
2016-08-02,474,474,510,510,1100
2016-08-03,520,520,520,520,100
2016-08-04,510,510,520,520,100
2016-08-05,530,530,530,530,100
2016-08-08,530,478,530,478,12200
2016-08-09,478,478,478,478,0
2016-08-10,498,498,530,500,178900
2016-08-11,500,500,500,500,1123600
2016-08-12,460,460,500,500,2100
2016-08-15,460,450,496,496,67300
2016-08-16,500,490,500,490,55500
2016-08-17,500,490,500,490,0
2016-08-18,452,450,500,498,320200
2016-08-19,498,456,515,498,32200
2016-08-22,515,482,515,482,3300
2016-08-23,500,500,500,500,100
2016-08-24,530,486,530,500,1000
2016-08-25,530,480,530,492,1500
2016-08-26,510,450,510,450,15300
2016-08-29,480,450,486,452,4400
2016-08-30,486,452,500,472,13700
2016-08-31,464,460,466,460,800
2016-09-01,460,460,494,468,400
2016-09-02,460,460,476,476,3600
2016-09-05,476,476,476,476,0
2016-09-06,494,460,494,460,29500
2016-09-07,460,460,478,478,35800
2016-09-08,478,478,550,500,336900
2016-09-09,505,490,505,500,311100
2016-09-12,505,490,505,500,0
2016-09-13,500,484,515,494,234000
2016-09-14,480,446,480,460,91000
2016-09-15,444,432,450,440,32700
2016-09-16,440,432,458,440,6200
2016-09-19,468,450,468,450,47500
2016-09-20,460,450,460,450,258000
2016-09-21,450,450,462,458,139300
2016-09-22,458,450,466,450,5900
2016-09-23,460,460,468,460,1100
2016-09-26,460,450,460,450,20300
2016-09-27,450,450,460,460,630700
2016-09-28,460,460,464,460,17300
2016-09-29,460,460,460,460,4000
2016-09-30,460,460,460,460,2084900
2016-10-03,474,460,474,460,9900
2016-10-04,460,460,478,478,16500
2016-10-05,460,460,470,460,34500
2016-10-06,460,460,470,470,4900
2016-10-07,470,460,470,460,421500
2016-10-10,460,460,498,490,7300
2016-10-11,490,460,490,460,700
2016-10-12,460,460,460,460,450000
2016-10-13,460,460,462,462,4100
2016-10-14,462,460,462,460,28200
2016-10-17,440,440,442,442,2500
2016-10-18,480,478,480,478,300
2016-10-19,496,440,496,476,100500
2016-10-20,478,434,478,434,6100
2016-10-21,476,476,476,476,100
2016-10-24,476,432,476,438,3500
2016-10-25,466,440,466,440,900
2016-10-26,440,420,468,464,7300
2016-10-27,470,470,470,470,100
2016-10-28,470,430,470,430,11200
2016-10-31,460,460,460,460,17900
2016-11-01,460,450,476,450,24600
2016-11-02,470,450,476,450,14300
2016-11-03,450,450,470,460,17900
2016-11-04,460,450,460,450,14700
2016-11-07,450,450,450,450,1700
2016-11-08,450,450,470,460,10900
2016-11-09,450,450,452,450,4500
2016-11-10,430,430,460,450,5400
2016-11-11,450,450,450,450,109000
2016-11-14,452,452,452,452,58000
2016-11-15,454,454,454,454,1600
2016-11-16,454,452,482,482,300
2016-11-17,452,452,452,452,8400
2016-11-18,460,452,460,452,13900
2016-11-21,452,452,452,452,100
2016-11-22,498,498,498,498,100
2016-11-23,510,510,510,510,100
2016-11-24,474,474,474,474,200
2016-11-25,452,452,452,452,14600
2016-11-28,452,452,452,452,1900
2016-11-29,450,450,450,450,113500
2016-11-30,450,450,450,450,0
2016-12-01,450,450,450,450,0
2016-12-02,452,452,452,452,1900
2016-12-05,452,452,452,452,0
2016-12-06,450,450,480,480,5900
2016-12-07,480,480,480,480,0
2016-12-08,452,452,456,456,3900
2016-12-09,454,454,454,454,3900
2016-12-12,454,454,454,454,0
2016-12-13,454,454,494,456,45200
2016-12-14,454,454,458,458,3000
2016-12-15,454,454,458,458,55100
2016-12-16,458,458,460,458,900
2016-12-19,452,452,470,470,1500
2016-12-20,470,456,470,456,2200
2016-12-21,456,452,456,454,2200
2016-12-22,454,454,454,454,0
2016-12-23,454,454,454,454,300
2016-12-26,454,454,454,454,0
2016-12-27,454,454,454,454,500
2016-12-28,454,454,454,454,0
2016-12-29,456,456,456,456,462000
2016-12-30,456,456,456,456,6800
2017-01-02,456,456,456,456,0
2017-01-03,456,456,456,456,0
2017-01-04,456,456,456,456,0
2017-01-05,456,456,456,456,1900
2017-01-06,456,456,456,456,0
2017-01-09,456,456,456,456,0
2017-01-10,456,456,470,470,200
2017-01-11,470,470,470,470,0
2017-01-12,470,470,470,470,0
2017-01-13,470,470,470,470,1000
2017-01-16,470,470,470,470,0
2017-01-17,470,440,470,450,184400
2017-01-18,450,450,460,456,661000
2017-01-19,460,460,460,460,306600
2017-01-20,460,460,460,460,0
2017-01-23,460,460,460,460,1100
2017-01-24,460,442,460,442,1300
2017-01-25,460,460,460,460,160100
2017-01-26,442,442,442,442,300
2017-01-27,442,442,442,442,0
2017-01-30,442,442,442,442,0
2017-01-31,442,442,442,442,400
2017-02-01,442,442,460,460,5800
2017-02-02,460,460,460,460,0
2017-02-03,460,460,460,460,0
2017-02-06,460,460,460,460,0
2017-02-07,460,460,460,460,0
2017-02-08,460,460,460,460,0
2017-02-09,460,460,460,460,0
2017-02-10,460,420,460,420,1900
2017-02-13,420,420,420,420,1100
2017-02-14,420,420,420,420,0
2017-02-15,420,420,420,420,0
2017-02-16,420,400,420,400,100
2017-02-17,400,400,432,432,1900
2017-02-20,460,450,460,460,66200
2017-02-21,460,460,460,460,0
2017-02-22,450,450,450,450,11800
2017-02-23,456,456,458,458,2200
2017-02-24,458,458,458,458,0
2017-02-27,458,458,458,458,10000
2017-02-28,458,458,458,458,1600
2017-03-01,460,460,460,460,100000
2017-03-02,450,450,450,450,94100
2017-03-03,450,450,450,450,10000
2017-03-06,450,450,450,450,0
2017-03-07,450,450,450,450,0
2017-03-08,450,340,456,456,600
2017-03-09,456,456,456,456,0
2017-03-10,456,456,456,456,0
2017-03-13,456,456,456,456,0
2017-03-14,456,456,456,456,0
2017-03-15,456,456,456,456,0
2017-03-16,456,456,456,456,6600
2017-03-17,456,456,460,460,5000
2017-03-20,460,440,460,460,404700
2017-03-21,460,460,460,460,0
2017-03-22,460,460,460,460,40100
2017-03-23,460,460,460,460,50600
2017-03-24,460,450,460,460,26100
2017-03-27,460,460,460,460,150200
2017-03-28,460,460,460,460,0
2017-03-29,374,374,374,374,10000
2017-03-30,400,374,400,400,120500
2017-03-31,400,400,400,400,14000
2017-04-03,398,396,398,396,300
2017-04-04,396,380,450,400,120200
2017-04-05,400,400,400,400,0
2017-04-06,384,370,384,370,25700
2017-04-07,370,360,388,388,11300
2017-04-10,390,340,398,380,10700
2017-04-11,380,370,390,370,36500
2017-04-12,380,360,380,360,20600
2017-04-13,360,350,360,350,28500
2017-04-14,360,350,360,350,0
2017-04-17,350,350,350,350,20000
2017-04-18,352,352,380,380,498600
2017-04-19,380,380,380,380,0
2017-04-20,380,380,456,392,904500
2017-04-21,410,400,420,400,80100
2017-04-24,410,400,420,400,0
2017-04-25,400,400,404,404,5400
2017-04-26,404,404,404,404,0
2017-04-27,404,404,404,404,0
2017-04-28,404,404,432,416,2700
2017-05-01,404,404,432,416,0
2017-05-02,426,418,426,426,10900
2017-05-03,416,414,416,414,800
2017-05-04,410,410,410,410,1000
2017-05-05,410,382,410,382,220100
2017-05-08,382,382,384,384,800
2017-05-09,384,384,442,416,4600
2017-05-10,416,416,416,416,0
2017-05-11,416,416,416,416,0
2017-05-12,416,416,416,416,0
2017-05-15,400,390,400,400,80000
2017-05-16,400,398,400,398,2900
2017-05-17,400,400,450,400,3337700
2017-05-18,400,400,400,400,0
2017-05-19,390,390,390,390,900
2017-05-22,440,440,450,450,4348500
2017-05-23,440,404,440,404,2700
2017-05-24,420,420,420,420,11200
2017-05-25,420,420,420,420,0
2017-05-26,420,400,420,400,6400
2017-05-29,400,400,420,400,5300
2017-05-30,400,400,400,400,10000
2017-05-31,400,400,450,400,4616500
2017-06-01,400,400,400,400,0
2017-06-02,400,400,400,400,200
2017-06-05,400,400,400,400,0
2017-06-06,400,400,400,400,10000
2017-06-07,400,400,400,400,400
2017-06-08,410,410,410,410,3200
2017-06-09,410,410,410,410,500
2017-06-12,410,410,448,444,105400
2017-06-13,424,398,424,398,419300
2017-06-14,448,400,448,424,52100
2017-06-15,430,390,430,390,23000
2017-06-16,400,400,400,400,76600
2017-06-19,400,400,428,400,408900
2017-06-20,438,438,438,438,100
2017-06-21,430,430,430,430,1500
2017-06-22,430,430,430,430,0
2017-06-23,430,430,430,430,0
2017-06-26,430,430,430,430,0
2017-06-27,430,430,430,430,0
2017-06-28,430,430,430,430,0
2017-06-29,430,430,430,430,0
2017-06-30,430,430,430,430,0
2017-07-03,430,430,430,430,0
2017-07-04,430,430,430,430,0
2017-07-05,430,430,430,430,0
2017-07-06,410,410,410,410,1700
2017-07-07,410,410,410,410,0
2017-07-10,410,410,410,410,0
2017-07-11,410,410,410,410,0
2017-07-12,428,428,428,428,100
2017-07-13,428,428,428,428,10000
2017-07-14,428,428,428,428,0
2017-07-17,400,400,400,400,200
2017-07-18,400,400,400,400,0
2017-07-19,400,352,430,352,2700
2017-07-20,360,360,420,420,3400
2017-07-21,440,364,480,370,4773400
2017-07-24,384,382,400,400,52500
2017-07-25,418,330,426,394,13400
2017-07-26,394,394,402,402,24300
2017-07-27,402,402,402,402,400
2017-07-28,402,402,402,402,95700
2017-07-31,402,402,402,402,500
2017-08-01,390,346,390,346,1500
2017-08-02,400,310,400,400,62500
2017-08-03,400,350,400,392,465600
2017-08-04,392,392,392,392,213000
2017-08-07,390,390,390,390,200100
2017-08-08,356,356,380,356,390300
2017-08-09,376,370,390,378,600
2017-08-10,390,390,398,398,200
2017-08-11,398,380,398,380,800
2017-08-14,390,390,390,390,100
2017-08-15,386,366,398,368,22700
2017-08-16,388,358,388,374,8100
2017-08-17,374,374,374,374,0
2017-08-18,374,374,374,374,8600
2017-08-21,374,374,398,390,3000
2017-08-22,390,390,390,390,0
2017-08-23,354,354,388,380,2600
2017-08-24,360,360,378,378,2500
2017-08-25,376,352,378,376,4300
2017-08-28,388,388,398,398,500
2017-08-29,398,396,398,396,5400
2017-08-30,382,364,396,394,5400
2017-08-31,398,360,398,368,4700
2017-09-01,368,368,368,368,0
2017-09-04,368,368,394,394,17300
2017-09-05,392,368,392,390,10400
2017-09-06,390,388,390,388,200
2017-09-07,392,388,438,390,2300
2017-09-08,390,386,390,386,700
2017-09-11,390,390,390,390,200
2017-09-12,374,350,386,382,4200
2017-09-13,388,350,388,380,56900
2017-09-14,380,340,380,342,24100
2017-09-15,374,328,374,360,51800
2017-09-18,368,350,378,378,55200
2017-09-19,332,332,376,376,1300
2017-09-20,370,368,370,368,2900
2017-09-21,368,368,368,368,0
2017-09-22,330,330,354,354,1200
2017-09-25,354,354,354,354,3100
2017-09-26,374,374,374,374,100
2017-09-27,352,352,352,352,2000
2017-09-28,338,338,354,354,200
2017-09-29,376,374,390,390,16400
2017-10-02,390,390,400,390,2325300
2017-10-03,370,370,370,370,100
2017-10-04,370,370,370,370,0
2017-10-05,370,370,370,370,0
2017-10-06,370,370,370,370,0
2017-10-09,370,370,370,370,0
2017-10-10,370,370,370,370,0
2017-10-11,398,394,398,398,47100
2017-10-12,400,396,400,396,103400
2017-10-13,396,394,396,396,184900
2017-10-16,378,344,378,360,105500
2017-10-17,378,340,378,340,4800
2017-10-18,376,340,376,354,9300
2017-10-19,366,340,366,352,11600
2017-10-20,352,334,352,338,46700
2017-10-23,350,314,358,338,70900
2017-10-24,338,336,338,336,3300
2017-10-25,344,340,350,340,6700
2017-10-26,350,330,350,336,1900
2017-10-27,334,332,334,332,30700
2017-10-30,332,330,344,336,24000
2017-10-31,342,336,350,336,900
2017-11-01,330,330,330,330,3000
2017-11-02,348,330,348,330,3700
2017-11-03,330,330,338,338,4100
2017-11-06,338,318,340,332,5500
2017-11-07,330,330,330,330,900
2017-11-08,346,328,346,344,12400
2017-11-09,334,334,342,342,4500
2017-11-10,350,336,350,340,6300
2017-11-13,354,330,354,330,300
2017-11-14,330,330,338,338,3300
2017-11-15,332,332,332,332,300
2017-11-16,332,332,332,332,0
2017-11-17,338,328,338,330,500
2017-11-20,328,328,330,328,3700
2017-11-21,324,322,336,336,8200
2017-11-22,344,330,344,330,1000
2017-11-23,336,332,346,332,400
2017-11-24,330,330,330,330,1000
2017-11-27,310,310,350,330,900
2017-11-28,330,330,330,330,100
2017-11-29,330,330,330,330,100
2017-11-30,326,326,326,326,100
2017-12-01,326,326,326,326,0
2017-12-04,322,320,322,320,12600
2017-12-05,350,322,350,334,3500
2017-12-06,320,320,320,320,200
2017-12-07,322,322,324,324,200
2017-12-08,330,318,330,328,700
2017-12-11,328,328,328,328,0
2017-12-12,328,328,328,328,0
2017-12-13,302,302,326,326,200
2017-12-14,326,326,326,326,0
2017-12-15,326,326,326,326,0
2017-12-18,324,324,324,324,800
2017-12-19,324,324,324,324,0
2017-12-20,332,308,332,308,3300
2017-12-21,310,308,328,328,1800
2017-12-22,330,322,344,322,700
2017-12-25,322,322,322,322,0
2017-12-26,322,322,322,322,0
2017-12-27,342,330,342,330,1400
2017-12-28,328,328,328,328,600
2017-12-29,328,328,328,328,0
2018-01-01,328,328,328,328,0
2018-01-02,328,326,330,326,2700
2018-01-03,324,322,330,330,1800
2018-01-04,324,322,326,324,1000
2018-01-05,332,318,332,322,3100
2018-01-08,346,324,346,328,3700
2018-01-09,328,328,328,328,2800
2018-01-10,330,328,330,330,2200
2018-01-11,334,328,334,328,1200
2018-01-12,330,324,330,328,1600
2018-01-15,328,326,328,326,700
2018-01-16,326,324,326,324,1100
2018-01-17,330,328,330,328,1100
2018-01-18,328,326,328,328,22000
2018-01-19,328,328,328,328,70400
2018-01-22,332,330,332,330,2900
2018-01-23,328,310,328,328,2300
2018-01-24,328,300,328,308,269100
2018-01-25,308,300,320,302,112100
2018-01-26,318,306,324,320,128800
2018-01-29,318,314,318,314,1200
2018-01-30,314,312,314,312,5800
2018-01-31,312,310,312,310,6800
2018-02-01,310,304,310,310,198600
2018-02-02,306,270,320,316,629600
2018-02-05,316,316,316,316,16300
2018-02-06,314,298,314,300,16300
2018-02-07,300,280,300,300,59300
2018-02-08,294,294,294,294,3900
2018-02-09,280,280,280,280,600
2018-02-12,300,294,300,298,7400
2018-02-13,298,298,298,298,3500
2018-02-14,318,298,318,298,9300
2018-02-15,312,312,312,312,100
2018-02-16,312,312,312,312,0
2018-02-19,312,310,312,312,6500
2018-02-20,312,312,312,312,100
2018-02-21,310,304,312,304,12500
2018-02-22,304,290,304,304,11700
2018-02-23,304,300,304,300,2500
2018-02-26,304,300,304,300,6000
2018-02-27,290,288,290,290,2400
2018-02-28,290,288,304,288,7500
2018-03-01,288,288,310,308,7800
2018-03-02,308,302,308,306,21600
2018-03-05,318,306,318,310,34300
2018-03-06,310,310,310,310,1300
2018-03-07,310,310,310,310,0
2018-03-08,308,300,310,300,2800
2018-03-09,300,292,300,292,5400
2018-03-12,290,290,292,292,3700
2018-03-13,294,292,318,318,700
2018-03-14,316,300,316,300,51500
2018-03-15,308,308,308,308,200
2018-03-16,300,300,300,300,200
2018-03-19,296,296,298,298,1100
2018-03-20,290,290,290,290,700
2018-03-21,308,290,308,308,800
2018-03-22,308,308,308,308,300
2018-03-23,308,308,308,308,0
2018-03-26,308,308,308,308,0
2018-03-27,308,308,308,308,0
2018-03-28,304,304,308,308,9100
2018-03-29,290,290,306,300,900
2018-03-30,300,300,300,300,0
2018-04-02,300,300,300,300,1700
2018-04-03,300,300,300,300,0
2018-04-04,300,290,300,300,31800
2018-04-05,300,300,300,300,200
2018-04-06,300,300,300,300,0
2018-04-09,300,300,306,306,81900
2018-04-10,308,300,308,300,50500
2018-04-11,300,300,300,300,10400
2018-04-12,300,296,300,296,31500
2018-04-13,296,290,296,290,175700
2018-04-16,290,290,290,290,0
2018-04-17,290,290,290,290,0
2018-04-18,300,300,300,300,4700
2018-04-19,300,300,300,300,0
2018-04-20,300,300,300,300,0
2018-04-23,298,298,298,298,100
2018-04-24,298,298,298,298,0
2018-04-25,298,298,298,298,0
2018-04-26,298,298,298,298,0
2018-04-27,298,298,298,298,0
2018-04-30,302,300,302,302,2600
2018-05-01,302,302,302,302,0
2018-05-02,302,268,302,300,25500
2018-05-03,300,300,300,300,100
2018-05-04,300,300,300,300,200
2018-05-07,300,290,300,290,5500
2018-05-08,290,290,290,290,0
2018-05-09,298,290,298,290,1700
2018-05-10,290,290,290,290,0
2018-05-11,298,298,298,298,2100
2018-05-14,298,298,298,298,100
2018-05-15,298,298,298,298,0
2018-05-16,280,280,296,296,1100
2018-05-17,274,274,292,292,1700
2018-05-18,290,290,296,296,2900
2018-05-21,300,298,300,298,200
2018-05-22,298,298,298,298,0
2018-05-23,298,298,298,298,0
2018-05-24,298,298,298,298,0
2018-05-25,298,298,298,298,0
2018-05-28,286,282,292,292,3400
2018-05-29,292,292,292,292,0
2018-05-30,298,290,300,290,10100
2018-05-31,298,298,298,298,1500
2018-06-01,298,298,298,298,0
2018-06-04,298,296,298,296,3300
2018-06-05,298,298,298,298,400
2018-06-06,298,298,298,298,0
2018-06-07,290,290,298,296,3600
2018-06-08,296,296,296,296,0
2018-06-11,296,296,296,296,0
2018-06-12,296,296,296,296,0
2018-06-13,296,296,296,296,0
2018-06-14,296,296,296,296,0
2018-06-15,296,296,296,296,0
2018-06-18,296,296,296,296,0
2018-06-19,296,296,296,296,0
2018-06-20,312,296,368,298,36400
2018-06-21,290,290,290,290,900
2018-06-22,286,272,300,298,16000
2018-06-25,290,280,300,280,4200
2018-06-26,280,280,280,280,1000
2018-06-27,280,280,280,280,0
2018-06-28,298,290,298,290,200
2018-06-29,290,290,290,290,0
2018-07-02,290,290,290,290,0
2018-07-03,290,290,300,294,1258000
2018-07-04,292,288,292,288,18600
2018-07-05,292,288,300,288,4232100
2018-07-06,288,288,288,288,0
2018-07-09,288,272,288,272,16700
2018-07-10,272,272,272,272,0
2018-07-11,280,280,280,280,10100
2018-07-12,286,286,288,286,600
2018-07-13,286,286,286,286,2000
2018-07-16,286,280,288,280,1800
2018-07-17,280,270,284,284,1100
2018-07-18,284,284,284,284,0
2018-07-19,280,280,280,280,36600
2018-07-20,278,278,278,278,4300
2018-07-23,280,276,286,276,3700
2018-07-24,276,276,276,276,100
2018-07-25,288,278,288,278,500
2018-07-26,280,278,280,278,200
2018-07-27,280,278,280,278,5800
2018-07-30,278,278,300,300,5400
2018-07-31,278,278,278,278,9200
2018-08-01,278,276,278,278,22100
2018-08-02,278,278,298,290,207700
2018-08-03,290,290,290,290,0
2018-08-06,280,262,280,272,113400
2018-08-07,272,272,280,280,12800
2018-08-08,280,280,280,280,0
2018-08-09,282,278,282,278,6200
2018-08-10,274,272,278,276,8200
2018-08-13,272,270,274,270,1800
2018-08-14,288,282,300,292,141100
2018-08-15,292,292,318,302,218200
2018-08-16,310,310,368,344,4319000
2018-08-17,344,344,344,344,0
2018-08-20,360,350,400,398,12284400
2018-08-21,390,338,390,360,17485100
2018-08-22,360,360,360,360,0
2018-08-23,360,290,360,292,775000
2018-08-24,292,276,314,284,1345900
2018-08-27,300,286,320,294,1515700
2018-08-28,298,284,298,296,85900
2018-08-29,296,286,296,294,67400
2018-08-30,292,286,292,286,101000
2018-08-31,286,278,286,284,57700
2018-09-03,284,276,284,280,54500
2018-09-04,280,270,280,272,57600
2018-09-05,272,250,272,252,74100
2018-09-06,252,252,270,262,26900
2018-09-07,262,258,262,260,7700
2018-09-10,260,252,260,260,30400
2018-09-11,260,260,260,260,0
2018-09-12,278,268,278,268,44800
2018-09-13,268,258,268,258,7000
2018-09-14,258,256,268,268,8200
2018-09-17,268,258,288,270,6500
2018-09-18,270,250,270,258,53200
2018-09-19,258,254,260,254,66500
2018-09-20,254,252,260,256,13500
2018-09-21,256,250,258,254,8100
2018-09-24,250,250,254,252,60300
2018-09-25,252,248,260,250,2300
2018-09-26,252,252,258,258,24100
2018-09-27,258,258,260,258,7400
2018-09-28,268,268,288,278,52700
2018-10-01,270,258,270,258,85200
2018-10-02,258,250,266,250,47100
2018-10-03,252,252,258,258,11900
2018-10-04,258,248,258,248,20900
2018-10-05,254,250,274,260,7800
2018-10-08,250,250,258,254,8600
2018-10-09,250,250,252,250,19600
2018-10-10,250,250,252,252,18900
2018-10-11,252,252,256,256,8200
2018-10-12,256,252,268,254,4200
2018-10-15,254,238,254,238,48600
2018-10-16,240,240,250,242,25200
2018-10-17,238,238,270,262,28000
2018-10-18,266,266,270,268,68300
2018-10-19,268,268,288,280,7900
2018-10-22,262,262,278,278,1500
2018-10-23,280,260,280,262,2400
2018-10-24,260,252,260,260,17000
2018-10-25,264,250,264,264,11900
2018-10-26,252,252,264,264,11400
2018-10-29,264,254,264,258,11100
2018-10-30,260,260,260,260,500
2018-10-31,250,250,278,254,9400
2018-11-01,260,254,268,268,12900
2018-11-02,262,254,262,254,42500
2018-11-05,254,254,254,254,0
2018-11-06,264,262,264,262,4700
2018-11-07,260,260,260,260,500
2018-11-08,260,260,264,260,25200
2018-11-09,254,250,260,260,4200
2018-11-12,260,252,260,252,19900
2018-11-13,260,240,262,240,97500
2018-11-14,254,250,254,250,1300
2018-11-15,252,250,252,250,4000
2018-11-16,250,250,250,250,1700
2018-11-19,250,246,254,254,3000
2018-11-20,254,254,254,254,0
2018-11-21,254,200,254,220,93800
2018-11-22,228,228,248,244,29200
2018-11-23,244,240,244,240,32300
2018-11-26,244,236,244,238,1600
2018-11-27,238,238,242,240,51900
2018-11-28,244,232,248,248,3100
2018-11-29,250,248,254,248,17700
2018-11-30,232,232,254,248,10100
2018-12-03,250,250,250,250,11200
2018-12-04,252,250,252,252,8300
2018-12-05,252,252,254,254,5200
2018-12-06,252,246,252,248,30200
2018-12-07,254,252,254,252,500
2018-12-10,252,252,252,252,100
2018-12-11,252,242,256,254,13300
2018-12-12,260,240,260,242,12100
2018-12-13,242,242,254,242,87900
2018-12-14,254,242,254,242,1100
2018-12-17,254,240,254,246,21300
2018-12-18,244,234,244,234,200
2018-12-19,250,236,250,250,2500
2018-12-20,250,240,250,240,700
2018-12-21,240,240,244,244,12000
2018-12-24,244,244,244,244,0
2018-12-25,244,244,244,244,0
2018-12-26,246,244,262,246,5100
2018-12-27,248,246,262,260,80500
2018-12-28,256,256,266,260,19600
2018-12-31,260,260,260,260,0
2019-01-01,260,260,260,260,0
2019-01-02,260,260,268,260,2000
2019-01-03,260,252,260,258,4400
2019-01-04,250,250,264,264,2800
2019-01-07,264,258,264,260,15500
2019-01-08,260,260,264,262,66700
2019-01-09,264,262,286,286,305100
2019-01-10,286,268,286,270,10700
2019-01-11,270,270,280,280,13300
2019-01-14,276,264,276,276,3400
2019-01-15,270,270,280,272,28900
2019-01-16,272,270,272,270,12300
2019-01-17,270,270,272,272,59800
2019-01-18,280,270,280,270,4000
2019-01-21,280,274,280,274,21500
2019-01-22,268,252,274,272,12300
2019-01-23,272,272,272,272,3300
2019-01-24,272,272,272,272,5400
2019-01-25,256,256,272,272,1200
2019-01-28,272,270,274,274,22500
2019-01-29,274,274,276,276,53800
2019-01-30,276,272,276,274,24600
2019-01-31,274,272,280,274,182300
2019-02-01,278,278,278,278,5100
2019-02-04,278,278,278,278,13600
2019-02-05,278,278,278,278,0
2019-02-06,278,276,280,278,38700
2019-02-07,280,268,280,270,73200
2019-02-08,280,250,280,274,7900
2019-02-11,274,274,278,274,6100
2019-02-12,270,270,274,270,2500
2019-02-13,278,278,330,278,426000
2019-02-14,298,278,298,278,6800
2019-02-15,292,278,292,286,3300
2019-02-18,284,276,284,282,29200
2019-02-19,282,272,282,280,28900
2019-02-20,278,254,280,260,14000
2019-02-21,280,262,280,270,17100
2019-02-22,270,262,270,264,20900
2019-02-25,270,270,278,270,59500
2019-02-26,280,270,280,270,9500
2019-02-27,270,266,270,268,6600
2019-02-28,254,254,274,266,32900
2019-03-01,266,252,270,270,14700
2019-03-04,270,264,272,272,5400
2019-03-05,270,252,272,260,32700
2019-03-06,266,260,270,260,72400
2019-03-07,260,260,260,260,0
2019-03-08,276,250,276,266,29500
2019-03-11,250,250,266,256,21700
2019-03-12,256,250,264,264,16600
2019-03-13,264,264,264,264,0
2019-03-14,264,260,264,260,2900
2019-03-15,260,260,268,266,600
2019-03-18,266,266,266,266,0
2019-03-19,264,260,268,260,1300
2019-03-20,260,260,270,262,7800
2019-03-21,254,254,270,260,7000
2019-03-22,270,260,270,260,5000
2019-03-25,260,250,270,250,14800
2019-03-26,250,242,270,256,9200
2019-03-27,258,250,258,254,20300
2019-03-28,250,248,252,248,1632800
2019-03-29,248,246,264,256,4400
2019-04-01,254,248,254,248,3400
2019-04-02,254,250,270,250,5300
2019-04-03,250,250,250,250,0
2019-04-04,240,240,270,268,14000
2019-04-05,262,258,262,258,19900
2019-04-08,260,256,260,256,26700
2019-04-09,256,256,256,256,1500
2019-04-10,256,254,262,254,7100
2019-04-11,254,250,256,250,125900
2019-04-12,250,250,252,250,1400
2019-04-15,266,260,266,262,9200
2019-04-16,262,262,266,264,18200
2019-04-17,264,264,264,264,0
2019-04-18,264,260,264,260,2400
2019-04-19,260,260,260,260,0
2019-04-22,262,254,262,260,5800
2019-04-23,260,256,260,256,14100
2019-04-24,252,252,260,260,6500
2019-04-25,260,250,260,250,13800
2019-04-26,266,266,266,266,1500
2019-04-29,266,252,266,266,2000
2019-04-30,264,250,264,262,5600
2019-05-01,262,262,262,262,0
2019-05-02,260,260,260,260,300
2019-05-03,250,250,252,252,5800
2019-05-06,252,244,252,250,4900
2019-05-07,244,244,252,252,400
2019-05-08,252,252,252,252,4100
2019-05-09,252,252,252,252,0
2019-05-10,250,250,250,250,33800
2019-05-13,250,250,250,250,400
2019-05-14,250,250,250,250,3700
2019-05-15,250,250,254,250,14100
2019-05-16,248,248,250,250,2646300
2019-05-17,240,240,250,240,3300
2019-05-20,240,240,240,240,700
2019-05-21,250,250,260,260,2400
2019-05-22,262,256,262,260,400
2019-05-23,260,260,270,264,800
2019-05-24,264,256,264,258,1000
2019-05-27,246,246,284,284,14300
2019-05-28,264,258,264,264,3200
2019-05-29,262,250,262,262,1600
2019-05-30,262,262,262,262,0
2019-05-31,262,262,290,290,4700
2019-06-03,290,290,290,290,0
2019-06-04,290,290,290,290,0
2019-06-05,290,290,290,290,0
2019-06-06,290,290,290,290,0
2019-06-07,290,290,290,290,0
2019-06-10,276,264,290,264,9400
2019-06-11,274,264,274,264,3600
2019-06-12,254,254,254,254,300
2019-06-13,264,260,264,264,700
2019-06-14,252,252,262,252,1000
2019-06-17,252,252,252,252,31500
2019-06-18,260,260,262,260,800
2019-06-19,260,260,260,260,0
2019-06-20,260,260,262,260,1800
2019-06-21,256,252,264,264,2100
2019-06-24,264,264,264,264,600
2019-06-25,264,264,264,264,500
2019-06-26,264,264,264,264,0
2019-06-27,230,230,260,250,85300
2019-06-28,260,252,260,252,2800
2019-07-01,252,240,260,258,92200
2019-07-02,258,258,260,258,300
2019-07-03,258,258,258,258,200
2019-07-04,258,250,258,258,7100
2019-07-05,256,250,256,250,11300
2019-07-08,246,246,248,246,10700
2019-07-09,248,246,248,246,10300
2019-07-10,250,242,250,242,21700
2019-07-11,242,238,248,248,12300
2019-07-12,232,230,248,248,130600
2019-07-15,248,234,248,234,3600
2019-07-16,246,234,262,258,235700
2019-07-17,258,228,258,228,35000
2019-07-18,234,228,244,242,65400
2019-07-19,240,230,244,242,96100
2019-07-22,238,232,238,236,7000
2019-07-23,236,236,236,236,8000
2019-07-24,222,222,246,246,300
2019-07-25,250,232,250,232,72100
2019-07-26,232,232,232,232,200
2019-07-29,228,228,238,238,4400
2019-07-30,230,230,230,230,1800
2019-07-31,236,216,238,236,500
2019-08-01,224,224,230,230,200
2019-08-02,240,212,240,236,1100
2019-08-05,222,222,234,234,5700
2019-08-06,234,234,234,234,0
2019-08-07,228,228,228,228,1000
2019-08-08,240,228,240,228,300
2019-08-09,228,228,240,238,13200
2019-08-12,238,222,238,228,1200
2019-08-13,226,226,226,226,3900
2019-08-14,226,226,226,226,2500
2019-08-15,226,220,240,240,8100
2019-08-16,230,230,236,234,2600
2019-08-19,222,222,236,224,4300
2019-08-20,224,222,224,222,2000
2019-08-21,240,236,240,236,2400
2019-08-22,256,222,256,234,3500
2019-08-23,214,210,230,230,1200
2019-08-26,210,210,230,224,20800
2019-08-27,234,214,234,228,38100
2019-08-28,228,224,228,224,2500
2019-08-29,224,212,224,222,6600
2019-08-30,222,222,224,224,4100
2019-09-02,224,224,224,224,800
2019-09-03,224,224,224,224,2100
2019-09-04,220,216,220,216,5200
2019-09-05,216,214,216,214,3600
2019-09-06,214,214,230,214,8000
2019-09-09,214,214,216,216,23100
2019-09-10,218,218,246,246,310200
2019-09-11,246,222,246,236,17800
2019-09-12,232,232,234,234,2800
2019-09-13,234,234,234,234,0
2019-09-16,234,234,234,234,0
2019-09-17,232,228,232,228,2300
2019-09-18,228,220,250,224,1600
2019-09-19,216,216,230,230,7600
2019-09-20,250,220,250,220,1000
2019-09-23,220,220,220,220,800
2019-09-24,220,216,220,216,900
2019-09-25,216,212,230,230,15300
2019-09-26,232,230,232,230,500
2019-09-27,220,220,228,228,92000
2019-09-30,228,226,228,226,500
2019-10-01,246,228,246,228,4800
2019-10-02,208,200,212,204,5700
2019-10-03,204,204,204,204,100
2019-10-04,206,206,206,206,100
2019-10-07,206,206,208,208,10500
2019-10-08,218,218,238,218,2300
2019-10-09,238,232,238,232,4200
2019-10-10,230,230,230,230,100
2019-10-11,250,206,250,210,11200
2019-10-14,210,210,238,238,9100
2019-10-15,238,222,238,238,2800
2019-10-16,222,222,226,226,5100
2019-10-17,238,238,238,238,2100
2019-10-18,258,238,258,246,900
2019-10-21,244,200,244,222,7400
2019-10-22,238,222,238,238,6300
2019-10-23,248,244,248,244,2200
2019-10-24,264,230,264,230,10200
2019-10-25,250,226,250,226,11400
2019-10-28,226,226,226,226,1200
2019-10-29,208,208,250,220,1600
2019-10-30,246,242,248,248,5000
2019-10-31,248,246,248,246,7500
2019-11-01,246,232,246,232,700
2019-11-04,232,210,232,228,16800
2019-11-05,230,212,230,212,800
2019-11-06,212,212,226,226,700
2019-11-07,226,226,226,226,400
2019-11-08,226,226,226,226,900
2019-11-11,220,220,220,220,100
2019-11-12,222,222,222,222,200
2019-11-13,222,222,222,222,7600
2019-11-14,250,230,250,230,1200
2019-11-15,220,208,220,208,31400
2019-11-18,204,202,248,242,33700
2019-11-19,206,206,228,212,400
2019-11-20,212,212,212,212,0
2019-11-21,202,202,230,230,11300
2019-11-22,250,238,250,238,900
2019-11-25,258,202,258,238,8200
2019-11-26,238,238,238,238,0
2019-11-27,258,236,258,236,400
2019-11-28,256,236,256,236,2100
2019-11-29,250,240,250,240,2100
2019-12-02,250,236,250,236,14200
2019-12-03,250,236,250,236,200
2019-12-04,240,202,240,202,13300
2019-12-05,206,202,240,240,50100
2019-12-06,240,238,240,238,1700
2019-12-09,248,228,248,230,7900
2019-12-10,230,204,240,240,10500
2019-12-11,222,222,230,230,13200
2019-12-12,230,204,230,204,34100
2019-12-13,224,202,224,202,270900
2019-12-16,206,202,208,208,188100
2019-12-17,210,200,210,208,20100
2019-12-18,206,200,206,206,37400
2019-12-19,206,204,206,206,57500
2019-12-20,202,200,208,208,20200
2019-12-23,208,208,208,208,100
2019-12-24,208,208,208,208,0
2019-12-25,208,208,208,208,0
2019-12-26,208,202,208,208,2300
2019-12-27,208,200,244,208,53300
2019-12-30,210,200,230,200,21700
2019-12-31,210,200,230,200,0
2020-01-01,210,200,230,200,0
2020-01-02,220,200,220,218,11300
2020-01-03,238,200,238,208,133300
2020-01-06,208,200,208,202,20700
2020-01-07,202,200,202,200,12300
2020-01-08,204,200,204,200,15300
2020-01-09,200,200,202,202,14200
2020-01-10,200,200,200,200,500
2020-01-13,200,200,200,200,1500
2020-01-14,200,199,206,206,6600
2020-01-15,199,199,199,199,8100
2020-01-16,199,199,200,200,1500
2020-01-17,199,198,200,200,11600
2020-01-20,200,195,200,198,19200
2020-01-21,196,196,199,199,30400
2020-01-22,196,195,196,195,18300
2020-01-23,190,190,190,190,3800
2020-01-24,200,200,200,200,100
2020-01-27,210,199,210,199,2900
2020-01-28,199,199,199,199,0
2020-01-29,206,206,206,206,100
2020-01-30,206,206,206,206,0
2020-01-31,206,206,206,206,0
2020-02-03,200,195,202,195,1400
2020-02-04,195,195,195,195,0
2020-02-05,202,202,206,202,2900
2020-02-06,192,188,204,191,32100
2020-02-07,191,191,191,191,100
2020-02-10,192,192,192,192,400
2020-02-11,192,192,192,192,1100
2020-02-12,192,192,192,192,300
2020-02-13,190,190,190,190,1400
2020-02-14,190,190,190,190,1700
2020-02-17,190,184,190,190,3500
2020-02-18,200,200,210,202,28000
2020-02-19,202,192,202,192,1400
2020-02-20,192,192,192,192,11200
2020-02-21,192,182,192,182,4100
2020-02-24,190,190,195,190,10400
2020-02-25,190,190,190,190,200
2020-02-26,190,174,190,174,400
2020-02-27,176,170,176,170,9100
2020-02-28,168,168,168,168,100
2020-03-02,168,168,168,168,0
2020-03-03,168,168,168,168,0
2020-03-04,170,161,171,171,6200
2020-03-05,188,180,188,180,7000
2020-03-06,190,190,190,190,200
2020-03-09,195,195,195,195,100
2020-03-10,195,195,195,195,0
2020-03-11,195,195,195,195,0
2020-03-12,195,195,195,195,0
2020-03-13,190,190,190,190,5000
2020-03-16,189,178,189,178,21600
2020-03-17,178,178,178,178,2000
2020-03-18,178,178,178,178,300
2020-03-19,178,178,178,178,55000
2020-03-20,178,178,178,178,0
2020-03-23,178,178,178,178,0
2020-03-24,185,170,185,170,3000
2020-03-25,185,170,185,170,0
2020-03-26,170,170,170,170,16300
2020-03-27,170,170,200,200,200
2020-03-30,200,200,200,200,100
2020-03-31,198,198,198,198,2300
2020-04-01,198,198,198,198,1000
2020-04-02,198,198,198,198,200
2020-04-03,198,198,198,198,0
2020-04-06,266,186,266,236,6700
2020-04-07,220,220,220,220,200
2020-04-08,218,218,220,220,1500
2020-04-09,220,220,220,220,0
2020-04-10,220,220,220,220,0
2020-04-13,208,206,208,206,1400
2020-04-14,200,192,200,192,2600
2020-04-15,192,192,192,192,100
2020-04-16,192,192,192,192,100
2020-04-17,192,192,192,192,0
2020-04-20,200,200,200,200,7500
2020-04-21,200,186,200,186,400
2020-04-22,186,186,186,186,500
2020-04-23,186,186,186,186,0
2020-04-24,186,186,186,186,400
2020-04-27,186,186,186,186,0
2020-04-28,186,186,186,186,0
2020-04-29,186,186,186,186,0
2020-04-30,186,186,186,186,100
2020-05-01,186,186,186,186,0
2020-05-04,180,180,180,180,100
2020-05-05,180,180,180,180,0
2020-05-06,180,180,180,180,0
2020-05-07,180,180,180,180,0
2020-05-08,180,180,180,180,0
2020-05-11,180,180,180,180,400
2020-05-12,180,180,180,180,200
2020-05-13,180,180,180,180,0
2020-05-14,180,180,180,180,0
2020-05-15,170,170,170,170,12900
2020-05-18,171,171,171,171,2700
2020-05-19,172,172,200,198,45300
2020-05-20,208,196,208,196,2000
2020-05-21,208,196,208,196,0
2020-05-22,208,196,208,196,0
2020-05-25,208,196,208,196,0
2020-05-26,190,183,190,183,16100
2020-05-27,179,171,179,171,4100
2020-05-28,168,168,200,199,18100
2020-05-29,208,199,220,200,5600
2020-06-01,208,199,220,200,0
2020-06-02,220,187,220,187,1012700
2020-06-03,185,185,185,185,99500
2020-06-04,185,185,202,202,2100
2020-06-05,200,200,200,200,11100
2020-06-08,200,200,200,200,5000
2020-06-09,200,200,210,200,500
2020-06-10,200,199,220,199,8200
2020-06-11,199,199,200,200,11100
2020-06-12,190,190,190,190,300
2020-06-15,190,186,191,186,2300
2020-06-16,186,177,186,177,5600
2020-06-17,178,178,210,190,2600
2020-06-18,191,190,200,200,5600
2020-06-19,200,190,200,190,8600
2020-06-22,191,191,196,195,252000
2020-06-23,200,195,200,197,110600
2020-06-24,195,195,195,195,3800
2020-06-25,195,195,195,195,0
2020-06-26,197,197,197,197,100
2020-06-29,195,195,196,195,152400
2020-06-30,191,191,192,191,1700
2020-07-01,184,184,185,184,2100
2020-07-02,199,191,199,191,200
2020-07-03,191,181,191,191,2000
2020-07-06,194,194,202,200,5000
2020-07-07,188,188,188,188,900
2020-07-08,190,187,200,200,10200
2020-07-09,188,188,195,195,300
2020-07-10,195,195,195,195,300
2020-07-13,184,184,193,191,1200
2020-07-14,184,180,190,190,800
2020-07-15,191,185,191,185,23600
2020-07-16,186,186,186,186,100
2020-07-17,180,180,187,187,400
2020-07-20,196,196,198,198,23000
2020-07-21,206,185,212,196,1594800
2020-07-22,200,183,200,187,838500
2020-07-23,187,185,197,190,355500
2020-07-24,190,187,220,199,2721900
2020-07-27,210,204,268,238,3221700
2020-07-28,246,230,258,234,1131000
2020-07-29,240,236,240,240,434000
2020-07-30,240,228,244,240,219500
2020-07-31,240,228,244,240,0
2020-08-03,240,226,240,240,385600
2020-08-04,230,230,242,236,125000
2020-08-05,236,232,246,246,148700
2020-08-06,246,238,270,264,1160300
2020-08-07,264,252,272,260,267600
2020-08-10,276,260,280,266,987700
2020-08-11,266,266,280,280,244600
2020-08-12,282,282,320,306,311500
2020-08-13,306,290,314,290,794600
2020-08-14,290,280,300,286,116100
2020-08-17,290,280,300,286,0
2020-08-18,284,280,302,300,325400
2020-08-19,306,290,316,292,45200
2020-08-20,306,290,316,292,0
2020-08-21,306,290,316,292,0
2020-08-24,294,288,296,296,423100
2020-08-25,294,290,294,290,93000
2020-08-26,292,286,292,290,39900
2020-08-27,292,290,294,294,3700
2020-08-28,294,290,300,290,5300
2020-08-31,296,280,300,280,107300
2020-09-01,280,278,290,280,13900
2020-09-02,280,280,290,290,28100
2020-09-03,290,280,296,282,88600
2020-09-04,284,272,284,282,25300
2020-09-07,284,282,290,284,99900
2020-09-08,284,282,292,282,43700
2020-09-09,290,270,290,270,10300
2020-09-10,270,252,270,252,26800
2020-09-11,252,236,270,270,89600
2020-09-14,254,252,268,256,69000
2020-09-15,256,246,276,252,61000
2020-09-16,252,236,260,258,94900
2020-09-17,258,258,266,266,25500
2020-09-18,260,260,274,268,89000
2020-09-21,268,260,270,260,35300
2020-09-22,260,260,262,260,67100
2020-09-23,264,258,264,260,400
2020-09-24,258,244,258,258,42800
2020-09-25,254,254,254,254,1900
2020-09-28,252,244,252,244,25200
2020-09-29,244,244,270,244,131900
2020-09-30,240,240,260,260,20600
2020-10-01,242,242,262,258,7600
2020-10-02,258,248,264,264,14800
2020-10-05,264,250,274,268,192800
2020-10-06,276,260,276,274,4400
2020-10-07,272,264,280,280,151300
2020-10-08,280,268,282,274,379000
2020-10-09,274,274,278,278,211600
2020-10-12,276,264,276,264,6500
2020-10-13,264,264,276,274,16600
2020-10-14,272,270,276,276,2900
2020-10-15,264,264,276,272,11500
2020-10-16,272,270,274,270,511600
2020-10-19,270,266,270,266,48600
2020-10-20,268,268,278,276,117700
2020-10-21,276,266,280,274,393000
2020-10-22,272,268,280,280,1000700
2020-10-23,282,282,328,310,2390000
2020-10-26,332,330,386,380,8815900
2020-10-27,396,354,396,354,8101500
2020-10-28,396,354,396,354,0
2020-10-29,396,354,396,354,0
2020-10-30,396,354,396,354,0
2020-11-02,370,332,370,348,2824500
2020-11-03,350,342,352,350,7184000
2020-11-04,342,326,342,326,566900
2020-11-05,320,304,320,306,5188000
2020-11-06,304,288,324,316,3034500
2020-11-09,318,310,324,312,678800
2020-11-10,314,310,318,316,1177300
2020-11-11,320,312,320,316,728000
2020-11-12,318,312,322,314,1135000
2020-11-13,314,312,316,312,308800
2020-11-16,312,310,314,312,571700
2020-11-17,310,306,314,312,1527500
2020-11-18,312,308,314,310,428900
2020-11-19,312,310,314,312,443000
2020-11-20,312,310,312,310,796900
2020-11-23,310,308,312,310,802300
2020-11-24,310,306,316,310,767800
2020-11-25,312,302,312,306,706400
2020-11-26,306,302,306,304,644500
2020-11-27,304,300,312,310,937800
2020-11-30,314,310,328,318,4272800
2020-12-01,318,308,326,316,1383300
2020-12-02,318,312,320,318,1212500
2020-12-03,318,316,322,320,953600
2020-12-04,320,318,324,320,1406100
2020-12-07,320,320,340,334,3841900
2020-12-08,336,334,344,342,2148000
2020-12-09,336,334,344,342,0
2020-12-10,344,328,344,328,1477700
2020-12-11,332,322,332,328,682500
2020-12-14,328,326,330,326,453000
2020-12-15,326,322,328,324,381600
2020-12-16,324,322,332,328,578900
2020-12-17,330,324,334,326,722000
2020-12-18,328,318,328,324,1152000
2020-12-21,324,324,336,332,1522400
2020-12-22,334,330,352,334,6040000
2020-12-23,352,338,390,350,14136600
2020-12-24,352,338,390,350,0
2020-12-25,352,338,390,350,0
2020-12-28,352,350,388,370,7527700
2020-12-29,374,360,390,362,3034800
2020-12-30,364,342,364,344,2354200
2020-12-31,364,342,364,344,0
2021-01-01,364,342,364,344,0
2021-01-04,344,340,372,360,3016900
2021-01-05,360,350,370,360,1917000
2021-01-06,360,350,376,350,5985300
2021-01-07,354,354,382,364,3120400
2021-01-08,364,358,380,360,2197900
2021-01-11,360,354,370,356,3311200
2021-01-12,358,350,358,354,1478300
2021-01-13,354,350,358,356,1371800
2021-01-14,358,350,360,352,691400
2021-01-15,354,350,364,352,3470000
2021-01-18,352,340,352,344,1068800
2021-01-19,344,340,350,344,604900
2021-01-20,344,342,348,348,401000
2021-01-21,348,348,354,352,433400
2021-01-22,356,344,358,346,1762500
2021-01-25,346,330,346,336,723100
2021-01-26,336,322,350,328,802400
2021-01-27,328,306,328,322,651600
2021-01-28,322,300,322,300,3019400
2021-01-29,300,296,322,308,489600
2021-02-01,310,310,336,330,2250100
2021-02-02,336,326,346,330,595000
2021-02-03,330,320,334,322,258700
2021-02-04,322,310,326,326,368200
2021-02-05,326,322,338,332,1678300
2021-02-08,334,326,334,330,622100
2021-02-09,330,328,332,328,672900
2021-02-10,328,326,332,332,237000
2021-02-11,332,332,340,334,740400
2021-02-12,332,332,340,334,0
2021-02-15,334,330,336,330,599800
2021-02-16,334,330,338,336,543200
2021-02-17,336,328,336,328,604400
2021-02-18,328,328,334,330,560200
2021-02-19,330,314,330,324,758700
2021-02-22,328,324,332,328,679900
2021-02-23,328,320,340,326,1263100
2021-02-24,328,326,336,326,771800
2021-02-25,326,326,332,330,589800
2021-02-26,330,326,332,328,250400
2021-03-01,328,326,332,332,371300
2021-03-02,332,328,336,332,223200
2021-03-03,332,324,334,334,1109700
2021-03-04,336,326,338,328,796400
2021-03-05,328,326,330,326,504800
2021-03-08,326,324,330,326,927200
2021-03-09,328,324,334,326,1131500
2021-03-10,330,324,332,326,1359300
2021-03-11,330,324,332,326,0
2021-03-12,326,326,350,344,2940300
2021-03-15,350,342,366,350,5211900
2021-03-16,350,334,352,334,1283700
2021-03-17,334,328,344,330,1896700
2021-03-18,330,328,338,334,858200
2021-03-19,340,330,340,330,341100
2021-03-22,330,326,334,330,1206200
2021-03-23,330,328,334,330,423700
2021-03-24,332,326,332,328,661100
2021-03-25,328,324,330,326,185900
2021-03-26,326,322,328,324,625500
2021-03-29,324,318,328,320,756600
2021-03-30,324,312,324,312,1439600
2021-03-31,312,302,312,304,871000
2021-04-01,306,306,318,316,211900
2021-04-02,306,306,318,316,0
2021-04-05,318,310,320,316,233400
2021-04-06,316,312,318,316,71400
2021-04-07,316,312,318,318,86400
2021-04-08,320,316,320,318,137600
2021-04-09,318,316,320,320,164000
2021-04-12,320,314,320,316,206300
2021-04-13,316,306,318,312,182100
2021-04-14,312,308,316,312,170500
2021-04-15,312,310,314,310,69600
2021-04-16,310,308,314,312,252800
2021-04-19,314,310,336,316,1946700
2021-04-20,316,316,338,322,983100
2021-04-21,322,318,334,326,396500
2021-04-22,326,322,328,324,257200
2021-04-23,324,320,324,322,328700
2021-04-26,322,320,328,322,163400
2021-04-27,320,314,324,324,696300
2021-04-28,324,320,328,324,605800
2021-04-29,324,320,326,324,142300
2021-04-30,324,320,324,324,435900
2021-05-03,324,320,326,320,230100
2021-05-04,320,318,330,320,665700
2021-05-05,320,320,324,324,90600
2021-05-06,324,324,330,326,477000
2021-05-07,326,326,338,336,1511300
2021-05-10,336,336,370,366,5292700
2021-05-11,366,342,376,348,5184100
2021-05-12,366,342,376,348,0
2021-05-13,366,342,376,348,0
2021-05-14,366,342,376,348,0
2021-05-17,348,346,360,360,2806600
2021-05-18,360,354,360,358,1577300
2021-05-19,358,342,366,346,2538500
2021-05-20,346,338,354,348,744200
2021-05-21,350,344,356,352,431900
2021-05-24,352,348,352,348,470300
2021-05-25,348,346,352,350,848300
2021-05-26,348,346,352,350,0
2021-05-27,350,348,354,354,351600
2021-05-28,354,354,366,364,1625800
2021-05-31,366,364,442,424,11646900
2021-06-01,366,364,442,424,0
2021-06-02,428,428,530,530,11999600
2021-06-03,580,530,635,540,20220900
2021-06-04,540,505,550,525,7753600
2021-06-07,535,500,550,500,3992000
2021-06-08,500,466,520,466,5946800
2021-06-09,468,444,505,496,4294500
2021-06-10,498,488,510,490,2080100
2021-06-11,490,482,500,494,694400
2021-06-14,494,486,500,494,666900
2021-06-15,494,484,496,494,649600
2021-06-16,498,480,498,480,1771700
2021-06-17,480,464,498,478,1118200
2021-06-18,482,464,492,480,1033500
2021-06-21,486,464,486,482,816300
2021-06-22,484,478,492,490,1335000
2021-06-23,496,490,575,535,5801600
2021-06-24,535,525,575,550,6366400
2021-06-25,555,525,570,530,2272900
2021-06-28,530,498,540,498,1060200
2021-06-29,498,486,520,505,1111800
2021-06-30,505,496,530,500,994600
2021-07-01,520,500,530,515,768700
2021-07-02,515,515,570,570,3248100
2021-07-05,580,545,615,545,4653100
2021-07-06,550,535,585,575,3285900
2021-07-07,575,555,600,595,1286300
2021-07-08,595,555,600,565,3153300
2021-07-09,555,545,585,545,566100
2021-07-12,550,550,605,565,1866000
2021-07-13,570,550,575,550,460300
2021-07-14,550,540,600,545,2107000
2021-07-15,565,545,570,550,706500
2021-07-16,550,545,565,555,398500
2021-07-19,555,540,560,550,502800
2021-07-20,555,540,560,550,0
2021-07-21,550,545,565,550,1356200
2021-07-22,550,550,565,555,520100
2021-07-23,565,540,565,540,1227300
2021-07-26,540,540,555,550,1174900
2021-07-27,550,545,560,550,841400
2021-07-28,545,515,550,540,850300
2021-07-29,540,535,550,545,647900
2021-07-30,545,535,550,540,761500
2021-08-02,545,540,590,585,1185700
2021-08-03,585,555,585,560,1228600
2021-08-04,565,560,575,565,832400
2021-08-05,570,560,570,565,1156900
2021-08-06,570,550,580,560,1291100
2021-08-09,570,545,575,555,692600
2021-08-10,555,535,560,535,1059600
2021-08-11,555,535,560,535,0
2021-08-12,535,535,560,545,565600
2021-08-13,550,550,565,560,320500
2021-08-16,560,545,575,555,1796400
2021-08-17,560,545,575,555,0
2021-08-18,555,550,570,560,1276300
2021-08-19,560,545,565,545,1817700
2021-08-20,545,540,565,565,1428400
2021-08-23,565,550,570,565,976900
2021-08-24,565,555,575,565,1425800
2021-08-25,570,550,600,575,7231100
2021-08-26,575,535,580,565,2886500
2021-08-27,565,530,565,530,2029300
2021-08-30,525,494,525,494,1097600
2021-08-31,460,460,482,466,6033700
2021-09-01,466,436,466,438,4584600
2021-09-02,458,438,458,448,1995700
2021-09-03,452,440,452,442,614800
2021-09-06,446,442,452,450,550000
2021-09-07,452,450,456,452,504600
2021-09-08,454,450,458,450,710400
2021-09-09,452,448,458,452,609900
2021-09-10,456,452,466,466,1048900
2021-09-13,468,462,468,466,581300
2021-09-14,468,460,468,460,613300
2021-09-15,460,456,464,460,848700
2021-09-16,460,460,468,464,442400
2021-09-17,464,460,466,464,515600
2021-09-20,464,454,464,458,485200
2021-09-21,458,444,458,444,764900
2021-09-22,444,442,454,446,770500
2021-09-23,446,446,452,446,480100
2021-09-24,448,446,454,450,641900
2021-09-27,450,448,458,454,324700
2021-09-28,456,454,480,474,2121100
2021-09-29,480,476,510,492,3301600
2021-09-30,498,492,505,498,1267100
2021-10-01,505,498,520,498,2192500
2021-10-04,498,498,550,500,5920000
2021-10-05,500,500,545,510,5851300
2021-10-06,515,510,540,510,6307400
2021-10-07,515,510,520,510,3106000
2021-10-08,515,505,520,515,1941100
2021-10-11,520,500,525,500,4885800
2021-10-12,500,500,515,500,3850600
2021-10-13,500,498,510,500,3351100
2021-10-14,505,496,510,498,2962800
2021-10-15,498,498,510,498,3631100
2021-10-18,498,494,505,498,2272100
2021-10-19,500,496,505,498,5342400
2021-10-20,500,496,505,498,0
2021-10-21,500,498,510,500,5314400
2021-10-22,505,500,505,500,1301900
2021-10-25,505,498,505,505,2147700
2021-10-26,500,496,505,498,2622700
2021-10-27,498,490,498,496,2688800
2021-10-28,496,462,498,476,4961800
2021-10-29,478,472,488,482,2208700
2021-11-01,484,474,488,478,2904000
2021-11-02,482,472,484,476,2300900
2021-11-03,476,458,478,462,4241300
2021-11-04,464,450,464,452,7369500
2021-11-05,452,448,456,450,4268600
2021-11-08,452,444,466,450,6779900
2021-11-09,452,450,458,454,6110000
2021-11-10,454,440,456,446,6905200
2021-11-11,448,442,450,444,2288200
2021-11-12,444,444,470,470,9249800
2021-11-15,472,470,492,484,5802100
2021-11-16,486,474,492,478,3990700
2021-11-17,478,464,480,468,2645100
2021-11-18,466,460,472,462,2278900
2021-11-19,464,464,488,478,1996700
2021-11-22,482,470,482,474,1729400
2021-11-23,474,452,476,458,2590000
2021-11-24,460,454,464,456,1145300
2021-11-25,458,454,462,456,1021000
2021-11-26,458,440,458,444,2496800
2021-11-29,430,426,456,450,3341600
2021-11-30,450,450,458,452,2361400
2021-12-01,452,452,462,454,2100300
2021-12-02,456,446,480,464,4051500
2021-12-03,464,464,472,468,1442700
2021-12-06,468,456,470,466,1653100
2021-12-07,466,466,486,480,4513300
2021-12-08,480,476,486,480,4997500
2021-12-09,480,480,600,600,46255100
2021-12-10,650,605,750,660,79616600
2021-12-13,660,660,775,700,42427200
2021-12-14,700,660,715,685,17795200
2021-12-15,685,685,850,830,63728200
2021-12-16,845,805,970,900,56519500
2021-12-17,900,850,960,885,25082700
2021-12-20,890,875,955,945,22787400
2021-12-21,950,945,1070,975,45605500
2021-12-22,985,980,1140,1055,77631200
2021-12-23,1055,1055,1055,1055,0
2021-12-24,985,985,1070,990,57105600
2021-12-27,995,925,1025,925,21562100
2021-12-28,925,870,935,905,29912000
2021-12-29,915,860,945,885,14933300
2021-12-30,890,865,905,870,9909300
2021-12-31,890,865,905,870,0
2022-01-03,870,850,930,900,31011200
2022-01-04,900,870,915,880,13942300
2022-01-05,885,870,910,875,11583600
2022-01-06,875,815,875,815,19727700
2022-01-07,800,780,830,800,12873800
2022-01-10,820,800,885,860,19498400
2022-01-11,865,800,865,800,14165300
2022-01-12,795,745,860,745,20767400
2022-01-13,735,695,775,775,22644300
2022-01-14,775,750,785,770,5613600
2022-01-17,780,775,825,805,14562300
2022-01-18,810,780,825,810,12394100
2022-01-19,815,790,850,790,21307000
2022-01-20,790,740,805,765,14532800
2022-01-21,740,715,740,725,11474800
2022-01-24,720,700,755,710,9087000
2022-01-25,710,665,710,665,10144800
2022-01-26,620,620,685,680,14556600
2022-01-27,670,635,685,635,7278200
2022-01-28,635,620,660,655,3703300
2022-01-31,660,640,725,665,15003200
2022-02-01,660,640,725,665,0
2022-02-02,670,665,700,665,6621000
2022-02-03,665,660,730,715,22597000
2022-02-04,715,695,730,705,8755700
2022-02-07,705,695,765,710,14317300
2022-02-08,710,695,730,700,8620800
2022-02-09,700,680,710,685,7148200
2022-02-10,700,685,705,690,4265400
2022-02-11,700,670,700,675,3910900
2022-02-14,715,630,715,640,9439500
2022-02-15,675,640,675,645,3876700
2022-02-16,640,635,665,655,3611800
2022-02-17,655,645,690,645,6540500
2022-02-18,650,635,665,660,4991000
2022-02-21,665,625,730,705,19749400
2022-02-22,720,665,720,675,10605600
2022-02-23,675,675,700,675,5278600
2022-02-24,675,655,725,670,22464500
2022-02-25,670,670,705,700,9338900
2022-02-28,670,670,705,700,0
2022-03-01,710,690,725,700,10856400
2022-03-02,705,705,875,875,68443000
2022-03-03,705,705,875,875,0
2022-03-04,950,815,950,815,54450700
2022-03-07,810,770,890,840,36314000
2022-03-08,850,785,865,785,18025900
2022-03-09,785,765,840,830,13456400
2022-03-10,840,790,840,805,7907800
2022-03-11,810,800,845,810,9736200
2022-03-14,815,810,880,820,23014400
2022-03-15,825,780,835,790,10334900
2022-03-16,800,790,825,820,5235000
2022-03-17,830,815,865,830,15680700
2022-03-18,840,810,840,815,4988400
2022-03-21,820,795,830,810,8513700
2022-03-22,820,810,925,925,73963300
2022-03-23,935,865,935,865,40547800
2022-03-24,940,825,940,840,17995500
2022-03-25,925,830,925,845,10534700
2022-03-28,845,815,850,815,10425400
2022-03-29,810,780,830,785,20542500
2022-03-30,790,735,790,735,21785500
2022-03-31,715,700,765,760,8182600
2022-04-01,765,755,810,790,10526500
2022-04-04,790,775,865,865,18215900
2022-04-05,870,860,900,875,18459700
2022-04-06,875,855,1050,1010,57508300
2022-04-07,1015,980,1085,1045,45522100
2022-04-08,1050,1040,1230,1175,47954300
2022-04-11,1175,1095,1210,1095,28643100
2022-04-12,1050,1020,1050,1020,6405000
2022-04-13,1040,955,1070,1055,41710900
2022-04-14,1055,1020,1090,1050,14588800
2022-04-15,1055,1020,1090,1050,0
2022-04-18,1050,1030,1090,1060,12548700
2022-04-19,1070,990,1080,990,19523400
2022-04-20,980,925,1005,940,16486900
2022-04-21,930,930,965,940,5228200
2022-04-22,945,885,955,910,9093500
2022-04-25,910,850,910,865,10105200
2022-04-26,875,865,925,905,8031600
2022-04-27,905,875,925,900,9894400
2022-04-28,900,870,950,910,10239900
2022-04-29,900,870,950,910,0
2022-05-02,900,870,950,910,0
2022-05-03,900,870,950,910,0
2022-05-04,900,870,950,910,0
2022-05-05,900,870,950,910,0
2022-05-06,900,870,950,910,0
2022-05-09,900,850,910,855,7390400
2022-05-10,855,805,865,835,7007600
2022-05-11,835,835,920,870,9916300
2022-05-12,880,810,880,810,7260300
2022-05-13,795,775,820,805,6341100
2022-05-16,795,775,820,805,0
2022-05-17,805,805,850,830,4304200
2022-05-18,840,815,855,830,2321900
2022-05-19,800,800,860,845,5587700
2022-05-20,855,855,915,895,20623100
2022-05-23,900,860,910,865,8399500
2022-05-24,865,835,870,865,5506200
2022-05-25,865,840,865,845,3286200
2022-05-26,865,840,865,845,0
2022-05-27,865,840,865,845,0
2022-05-30,850,830,860,840,3744900
2022-05-31,860,835,885,845,6265600
2022-06-01,860,835,885,845,0
2022-06-02,850,840,880,865,6786800
2022-06-03,870,865,885,875,6401600
2022-06-06,885,870,920,920,23935900
2022-06-07,925,895,950,905,18027800
2022-06-08,910,905,990,990,26824200
2022-06-09,990,945,1010,950,18662300
2022-06-10,950,900,960,905,12173300
2022-06-13,880,845,880,845,11461500
2022-06-14,820,790,825,795,13857700
2022-06-15,795,740,815,740,20902900
2022-06-16,740,740,790,770,6122100
2022-06-17,770,720,770,720,13558400
2022-06-20,680,670,730,705,10473300
2022-06-21,705,695,720,700,3043000
2022-06-22,700,700,720,705,2498200
2022-06-23,715,665,715,675,4541200
2022-06-24,675,675,700,685,1593500
2022-06-27,695,685,720,715,3102600
2022-06-28,715,705,740,715,2928700
2022-06-29,715,700,725,710,1193600
2022-06-30,710,675,710,680,4694800
2022-07-01,685,635,695,635,7427100
2022-07-04,635,595,655,625,7799300
2022-07-05,625,625,670,655,1679900
2022-07-06,650,625,665,665,1448100
2022-07-07,670,645,675,665,722400
2022-07-08,665,665,690,675,1148000
2022-07-11,680,675,700,695,1968800
2022-07-12,700,685,710,690,1214300
2022-07-13,690,675,690,680,1034200
2022-07-14,675,670,710,710,1741200
2022-07-15,715,705,770,755,9538100
2022-07-18,765,715,780,755,5942100
2022-07-19,765,755,800,800,9459900
2022-07-20,820,775,820,780,4973200
2022-07-21,770,750,795,765,2300700
2022-07-22,765,765,790,785,3265300
2022-07-25,820,800,860,860,24839000
2022-07-26,885,870,940,875,17873700
2022-07-27,870,845,910,890,7977300
2022-07-28,890,865,900,870,2108900
2022-07-29,870,840,875,865,6548900
2022-08-01,850,830,870,855,3319600
2022-08-02,855,830,870,830,2418500
2022-08-03,830,825,885,875,3410800
2022-08-04,875,850,875,850,1726700
2022-08-05,850,845,860,845,771000
2022-08-08,845,825,860,845,1212600
2022-08-09,850,845,860,855,1177900
2022-08-10,855,845,890,870,5550500
2022-08-11,875,860,880,860,1779700
2022-08-12,865,860,905,875,3752500
2022-08-15,875,875,920,910,6724600
2022-08-16,920,880,930,895,4952200
2022-08-17,920,880,930,895,0
2022-08-18,895,860,895,880,2056600
2022-08-19,880,875,900,880,922900
2022-08-22,880,860,895,870,2081500
2022-08-23,870,835,895,845,3832200
2022-08-24,855,845,880,860,4529500
2022-08-25,865,850,870,850,1140100
2022-08-26,845,830,865,850,2791600
2022-08-29,830,805,840,825,2663800
2022-08-30,825,815,830,820,2300300
2022-08-31,820,815,845,825,2042000
2022-09-01,825,825,850,845,2466900
2022-09-02,855,800,870,825,5137300
2022-09-05,835,815,845,830,3067300
2022-09-06,840,820,845,835,3486400
2022-09-07,835,830,845,840,2885800
2022-09-08,845,830,850,835,4906300
2022-09-09,840,835,845,845,3899000
2022-09-12,845,835,845,840,1684900
2022-09-13,845,835,845,840,1772300
2022-09-14,840,830,845,835,1956900
2022-09-15,835,830,840,835,2087700
2022-09-16,835,825,850,845,5390500
2022-09-19,850,845,895,865,17654300
2022-09-20,870,830,875,830,5499600
2022-09-21,850,830,850,830,5895100
2022-09-22,830,810,840,825,5410100
2022-09-23,825,815,835,830,2245300
2022-09-26,830,815,835,825,1471900
2022-09-27,825,820,835,825,1492700
2022-09-28,825,820,830,825,1634000
2022-09-29,825,780,825,780,6714600
2022-09-30,775,735,795,795,2545700
2022-10-03,795,755,795,770,1245500
2022-10-04,770,770,845,845,5827100
2022-10-05,860,845,925,865,11235100
2022-10-06,865,850,870,860,1470800
2022-10-07,860,840,860,840,1913900
2022-10-10,835,795,840,815,2129000
2022-10-11,805,795,850,810,1573500
2022-10-12,810,795,815,800,975200
2022-10-13,800,790,820,790,1224000
2022-10-14,790,775,795,780,2710100
2022-10-17,775,735,780,750,1559800
2022-10-18,760,710,765,740,1385600
2022-10-19,740,715,755,755,1001800
2022-10-20,760,725,760,730,1789100
2022-10-21,730,725,745,735,858400
2022-10-24,735,730,770,760,1362800
2022-10-25,760,745,785,765,669500
2022-10-26,765,750,775,750,1341100
2022-10-27,755,745,760,755,821300
2022-10-28,755,740,760,750,294900
2022-10-31,755,725,755,750,411900
2022-11-01,745,735,750,750,367100
2022-11-02,750,735,760,740,654400
2022-11-03,740,740,745,745,196000
2022-11-04,740,705,750,715,2393100
2022-11-07,730,715,735,735,0
2022-11-08,730,715,735,735,0
2022-11-09,730,715,735,735,0
2022-11-10,730,715,735,735,550300
2022-11-11,740,730,745,735,368200
2022-11-14,740,725,740,735,269700
2022-11-15,740,735,775,750,1241400
2022-11-16,750,735,765,745,270900
2022-11-17,745,730,755,750,320100
2022-11-18,750,735,750,735,271600
2022-11-21,735,715,745,735,700600
2022-11-22,735,710,745,745,2779800
2022-11-23,745,720,745,735,720300
2022-11-24,735,725,740,730,255000
2022-11-25,720,715,730,720,313400
2022-11-28,720,705,730,720,1538700
2022-11-29,720,710,720,715,116300
2022-11-30,715,700,725,710,448900
2022-12-01,715,700,725,710,0
2022-12-02,710,705,715,710,167900
2022-12-05,710,705,720,710,299600
2022-12-06,710,665,710,670,3902800
2022-12-07,670,625,670,625,3219000
2022-12-08,625,600,645,640,687600
2022-12-09,645,610,645,615,975100
2022-12-12,610,605,630,625,434900
2022-12-13,620,615,640,630,899200
2022-12-14,620,620,660,640,424400
2022-12-15,630,630,675,665,213500
2022-12-16,675,665,685,675,498000
2022-12-19,675,655,690,670,484000
2022-12-20,655,640,670,650,245200
2022-12-21,670,650,675,650,192900
2022-12-22,650,650,670,660,116300
2022-12-23,670,625,670,645,132100
2022-12-26,640,635,660,650,218300
2022-12-27,635,620,690,690,406600
2022-12-28,685,645,690,670,760200
2022-12-29,655,630,665,630,381000
2022-12-30,625,610,655,635,429300
2023-01-02,635,630,655,650,409800
2023-01-03,645,630,655,655,496800
2023-01-04,655,635,685,680,1120600
2023-01-05,680,650,680,650,783200
2023-01-06,640,640,665,650,333800
